Heading,Title,Link
Analysis of Algorithms,Asymptotic Analysis,https://www.geeksforgeeks.org/analysis-of-algorithms-set-1-asymptotic-analysis/
Analysis of Algorithms,"Worst, Average and Best Cases",https://www.geeksforgeeks.org/analysis-of-algorithms-set-2-asymptotic-analysis/
Analysis of Algorithms,Asymptotic Notations,https://www.geeksforgeeks.org/analysis-of-algorithms-set-3asymptotic-notations/
Analysis of Algorithms,Little o and little omega notations,https://www.geeksforgeeks.org/analysis-of-algorithems-little-o-and-little-omega-notations/
Analysis of Algorithms,Lower and Upper Bound Theory,https://www.geeksforgeeks.org/lower-and-upper-bound-theory/
Analysis of Algorithms,Analysis of Loops,https://www.geeksforgeeks.org/analysis-algorithms-set-4-analysis-programs/
Analysis of Algorithms,Solving Recurrences,https://www.geeksforgeeks.org/analysis-algorithm-set-4-master-method-solving-recurrences/
Analysis of Algorithms,Amortized Analysis,https://www.geeksforgeeks.org/analysis-algorithm-set-5-amortized-analysis-introduction/
Analysis of Algorithms,What does ‘Space Complexity’ mean?,https://www.geeksforgeeks.org/g-fact-86/
Analysis of Algorithms,Pseudo-polynomial Algorithms,https://www.geeksforgeeks.org/pseudo-polynomial-in-algorithms/
Analysis of Algorithms,NP-Completeness Introduction,https://www.geeksforgeeks.org/np-completeness-set-1/
Analysis of Algorithms,Polynomial Time Approximation Scheme,https://www.geeksforgeeks.org/polynomial-time-approximation-scheme/
Analysis of Algorithms,A Time Complexity Question,https://www.geeksforgeeks.org/a-time-complexity-question/
Analysis of Algorithms,Time Complexity of building a heap,https://www.geeksforgeeks.org/g-fact-85/
Analysis of Algorithms,"Time Complexity where loop variable is incremented by 1, 2, 3, 4 ..",https://www.geeksforgeeks.org/time-complexity-where-loop-variable-is-incremented-by-1-2-3-4/
Analysis of Algorithms,Time Complexity of Loop with Powers,https://www.geeksforgeeks.org/time-complexity-of-loop-with-powers/
Analysis of Algorithms,Performance of loops (A caching question),http://geeksquiz.com/performance-of-loops-a-caching-question/
Searching and Sorting,Linear Search,https://www.geeksforgeeks.org/linear-search/
Searching and Sorting,Selection Sort,http://geeksquiz.com/selection-sort/
Searching and Sorting,Interpolation search vs Binary search,https://www.geeksforgeeks.org/g-fact-84/
Searching and Sorting,Stability in sorting algorithms,https://www.geeksforgeeks.org/stability-in-sorting-algorithms/
Searching and Sorting,When does the worst case of Quicksort occur?,https://www.geeksforgeeks.org/when-does-the-worst-case-of-quicksort-occur/
Searching and Sorting,Lower bound for comparison based sorting algorithms,https://www.geeksforgeeks.org/lower-bound-on-comparison-based-sorting-algorithms/
Searching and Sorting,Which sorting algorithm makes minimum number of memory writes?,https://www.geeksforgeeks.org/which-sorting-algorithm-makes-minimum-number-of-writes/
Searching and Sorting,"Find the Minimum length Unsorted Subarray, sorting which makes the complete array sorted",https://www.geeksforgeeks.org/minimum-length-unsorted-subarray-sorting-which-makes-the-complete-array-sorted/
Searching and Sorting,Merge Sort for Linked Lists,https://www.geeksforgeeks.org/merge-sort-for-linked-list/
Searching and Sorting,Sort a nearly sorted (or K sorted) array,https://www.geeksforgeeks.org/nearly-sorted-algorithm/
Searching and Sorting,Iterative Quick Sort,https://www.geeksforgeeks.org/iterative-quick-sort/
Searching and Sorting,QuickSort on Singly Linked List,https://www.geeksforgeeks.org/quicksort-on-singly-linked-list/
Searching and Sorting,QuickSort on Doubly Linked List,https://www.geeksforgeeks.org/quicksort-for-linked-list/
Searching and Sorting,Find k closest elements to a given value,https://www.geeksforgeeks.org/find-k-closest-elements-given-value/
Searching and Sorting,Sort n numbers in range from 0 to n^2 – 1 in linear time,https://www.geeksforgeeks.org/sort-n-numbers-range-0-n2-1-linear-time/
Searching and Sorting,A Problem in Many Binary Search Implementations,https://www.geeksforgeeks.org/problem-binary-search-implementations/
Searching and Sorting,Search in an almost sorted array,https://www.geeksforgeeks.org/search-almost-sorted-array/
Searching and Sorting,Sort an array in wave form,https://www.geeksforgeeks.org/sort-array-wave-form-2/
Searching and Sorting,Why is Binary Search preferred over Ternary Search?,https://www.geeksforgeeks.org/binary-search-preferred-ternary-search/
Searching and Sorting,K’th Smallest/Largest Element in Unsorted Array,https://www.geeksforgeeks.org/kth-smallestlargest-element-unsorted-array/
Searching and Sorting,K’th Smallest/Largest Element in Unsorted Array in Expected Linear Time,https://www.geeksforgeeks.org/kth-smallestlargest-element-unsorted-array-set-2-expected-linear-time/
Searching and Sorting,K’th Smallest/Largest Element in Unsorted Array in Worst Case Linear Time,https://www.geeksforgeeks.org/kth-smallestlargest-element-unsorted-array-set-3-worst-case-linear-time/
Searching and Sorting,Find the closest pair from two sorted arrays,https://www.geeksforgeeks.org/given-two-sorted-arrays-number-x-find-pair-whose-sum-closest-x/
Searching and Sorting,Find common elements in three sorted arrays,https://www.geeksforgeeks.org/find-common-elements-three-sorted-arrays/
Searching and Sorting,"Given a sorted array and a number x, find the pair in array whose sum is closest to x",http://geeksquiz.com/given-sorted-array-number-x-find-pair-array-whose-sum-closest-x/
Searching and Sorting,Count 1’s in a sorted binary array,http://geeksquiz.com/count-1s-sorted-binary-array/
Searching and Sorting,Binary Insertion Sort,http://geeksquiz.com/binary-insertion-sort/
Searching and Sorting,Insertion Sort for Singly Linked List,http://geeksquiz.com/insertion-sort-for-singly-linked-list/
Searching and Sorting,Why Quick Sort preferred for Arrays and Merge Sort for Linked Lists?,https://www.geeksforgeeks.org/why-quick-sort-preferred-for-arrays-and-merge-sort-for-linked-lists/
Searching and Sorting,Merge Sort for Doubly Linked List,https://www.geeksforgeeks.org/merge-sort-for-doubly-linked-list/
Searching and Sorting,Minimum adjacent swaps to move maximum and minimum to corners,https://www.geeksforgeeks.org/minimum-adjacent-swaps-to-move-maximum-and-minimum-to-corners/
Greedy Algorithms,Activity Selection Problem,https://www.geeksforgeeks.org/greedy-algorithms-set-1-activity-selection-problem/
Greedy Algorithms,Kruskal’s Minimum Spanning Tree Algorithm,https://www.geeksforgeeks.org/greedy-algorithms-set-2-kruskals-minimum-spanning-tree-mst/
Greedy Algorithms,Huffman Coding,https://www.geeksforgeeks.org/greedy-algorithms-set-3-huffman-coding/
Greedy Algorithms,Efficient Huffman Coding for Sorted Input,https://www.geeksforgeeks.org/greedy-algorithms-set-3-huffman-coding-set-2/
Greedy Algorithms,Prim’s Minimum Spanning Tree Algorithm,https://www.geeksforgeeks.org/greedy-algorithms-set-5-prims-minimum-spanning-tree-mst-2/
Greedy Algorithms,Prim’s MST for Adjacency List Representation,https://www.geeksforgeeks.org/greedy-algorithms-set-5-prims-mst-for-adjacency-list-representation/
Greedy Algorithms,Dijkstra’s Shortest Path Algorithm,https://www.geeksforgeeks.org/greedy-algorithms-set-6-dijkstras-shortest-path-algorithm/
Greedy Algorithms,Dijkstra’s Algorithm for Adjacency List Representation,https://www.geeksforgeeks.org/greedy-algorithms-set-7-dijkstras-algorithm-for-adjacency-list-representation/
Greedy Algorithms,Job Sequencing Problem,https://www.geeksforgeeks.org/job-sequencing-problem-set-1-greedy-algorithm/
Greedy Algorithms,Quiz on Greedy Algorithms,http://geeksquiz.com/algorithms/greedy-algorithms/
Greedy Algorithms,Greedy Algorithm to find Minimum number of Coins,http://geeksquiz.com/greedy-algorithm-to-find-minimum-number-of-coins/
Greedy Algorithms,K Centers Problem,https://www.geeksforgeeks.org/k-centers-problem-set-1-greedy-approximate-algorithm/
Greedy Algorithms,Minimum Number of Platforms Required for a Railway/Bus Station,https://www.geeksforgeeks.org/minimum-number-platforms-required-railwaybus-station/
Dynamic Programming,Overlapping Subproblems Property,https://www.geeksforgeeks.org/dynamic-programming-set-1/
Dynamic Programming,Optimal Substructure Property,https://www.geeksforgeeks.org/dynamic-programming-set-2-optimal-substructure-property/
Dynamic Programming,Longest Increasing Subsequence,https://www.geeksforgeeks.org/dynamic-programming-set-3-longest-increasing-subsequence/
Dynamic Programming,Longest Common Subsequence,https://www.geeksforgeeks.org/dynamic-programming-set-4-longest-common-subsequence/
Dynamic Programming,Edit Distance,https://www.geeksforgeeks.org/dynamic-programming-set-5-edit-distance/
Dynamic Programming,Min Cost Path,https://www.geeksforgeeks.org/dynamic-programming-set-6-min-cost-path/
Dynamic Programming,Coin Change,https://www.geeksforgeeks.org/dynamic-programming-set-7-coin-change/
Dynamic Programming,Matrix Chain Multiplication,https://www.geeksforgeeks.org/dynamic-programming-set-8-matrix-chain-multiplication/
Dynamic Programming,Binomial Coefficient,https://www.geeksforgeeks.org/dynamic-programming-set-9-binomial-coefficient/
Dynamic Programming,0-1 Knapsack Problem,https://www.geeksforgeeks.org/dynamic-programming-set-10-0-1-knapsack-problem/
Dynamic Programming,Egg Dropping Puzzle,https://www.geeksforgeeks.org/dynamic-programming-set-11-egg-dropping-puzzle/
Dynamic Programming,Longest Palindromic Subsequence,https://www.geeksforgeeks.org/dynamic-programming-set-12-longest-palindromic-subsequence/
Dynamic Programming,Cutting a Rod,https://www.geeksforgeeks.org/dynamic-programming-set-13-cutting-a-rod/
Dynamic Programming,Maximum Sum Increasing Subsequence,https://www.geeksforgeeks.org/dynamic-programming-set-14-maximum-sum-increasing-subsequence/
Dynamic Programming,Longest Bitonic Subsequence,https://www.geeksforgeeks.org/dynamic-programming-set-15-longest-bitonic-subsequence/
Dynamic Programming,Floyd Warshall Algorithm,https://www.geeksforgeeks.org/dynamic-programming-set-16-floyd-warshall-algorithm/
Dynamic Programming,Palindrome Partitioning,https://www.geeksforgeeks.org/dynamic-programming-set-17-palindrome-partitioning/
Dynamic Programming,Partition problem,https://www.geeksforgeeks.org/dynamic-programming-set-18-partition-problem/
Dynamic Programming,Word Wrap Problem,https://www.geeksforgeeks.org/dynamic-programming-set-18-word-wrap/
Dynamic Programming,Maximum Length Chain of Pairs,https://www.geeksforgeeks.org/dynamic-programming-set-20-maximum-length-chain-of-pairs/
Dynamic Programming,Variations of LIS,https://www.geeksforgeeks.org/dynamic-programming-set-14-variations-of-lis/
Dynamic Programming,Box Stacking Problem,https://www.geeksforgeeks.org/dynamic-programming-set-21-box-stacking-problem/
Dynamic Programming,Program for Fibonacci numbers,https://www.geeksforgeeks.org/program-for-nth-fibonacci-number/
Dynamic Programming,Minimum number of jumps to reach end,https://www.geeksforgeeks.org/minimum-number-of-jumps-to-reach-end-of-a-given-array/
Dynamic Programming,Maximum size square sub-matrix with all 1s,https://www.geeksforgeeks.org/maximum-size-sub-matrix-with-all-1s-in-a-binary-matrix/
Dynamic Programming,Ugly Numbers,https://www.geeksforgeeks.org/ugly-numbers/
Dynamic Programming,Largest Sum Contiguous Subarray,https://www.geeksforgeeks.org/largest-sum-contiguous-subarray/
Dynamic Programming,Longest Palindromic Substring,https://www.geeksforgeeks.org/longest-palindrome-substring-set-1/
Dynamic Programming,Bellman–Ford Algorithm for Shortest Paths,https://www.geeksforgeeks.org/dynamic-programming-set-23-bellman-ford-algorithm/
Dynamic Programming,Optimal Binary Search Tree,https://www.geeksforgeeks.org/dynamic-programming-set-24-optimal-binary-search-tree/
Dynamic Programming,Largest Independent Set Problem,https://www.geeksforgeeks.org/largest-independent-set-problem/
Dynamic Programming,Subset Sum Problem,https://www.geeksforgeeks.org/dynamic-programming-subset-sum-problem/
Dynamic Programming,Maximum sum rectangle in a 2D matrix,https://www.geeksforgeeks.org/dynamic-programming-set-27-max-sum-rectangle-in-a-2d-matrix/
Dynamic Programming,Count number of binary strings without consecutive 1?s,https://www.geeksforgeeks.org/count-number-binary-strings-without-consecutive-1s/
Dynamic Programming,Boolean Parenthesization Problem,https://www.geeksforgeeks.org/dynamic-programming-set-37-boolean-parenthesization-problem/
Dynamic Programming,Count ways to reach the n’th stair,https://www.geeksforgeeks.org/count-ways-reach-nth-stair/
Dynamic Programming,Minimum Cost Polygon Triangulation,https://www.geeksforgeeks.org/minimum-cost-polygon-triangulation/
Dynamic Programming,Mobile Numeric Keypad Problem,https://www.geeksforgeeks.org/mobile-numeric-keypad-problem/
Dynamic Programming,Count of n digit numbers whose sum of digits equals to given sum,https://www.geeksforgeeks.org/count-of-n-digit-numbers-whose-sum-of-digits-equals-to-given-sum/
Dynamic Programming,Minimum Initial Points to Reach Destination,https://www.geeksforgeeks.org/minimum-positive-points-to-reach-destination/
Dynamic Programming,Total number of non-decreasing numbers with n digits,https://www.geeksforgeeks.org/total-number-of-non-decreasing-numbers-with-n-digits/
Dynamic Programming,Find length of the longest consecutive path from a given starting character,https://www.geeksforgeeks.org/find-length-of-the-longest-consecutive-path-in-a-character-matrix/
Dynamic Programming,Tiling Problem,https://www.geeksforgeeks.org/tiling-problem/
Dynamic Programming,Minimum number of squares whose sum equals to given number n,https://www.geeksforgeeks.org/minimum-number-of-squares-whose-sum-equals-to-given-number-n/
Dynamic Programming,Find minimum number of coins that make a given value,https://www.geeksforgeeks.org/find-minimum-number-of-coins-that-make-a-change/
Dynamic Programming,Collect maximum points in a grid using two traversals,https://www.geeksforgeeks.org/collect-maximum-points-in-a-grid-using-two-traversals/
Dynamic Programming,Shortest Common Supersequence,https://www.geeksforgeeks.org/shortest-common-supersequence/
Dynamic Programming,Compute sum of digits in all numbers from 1 to n,https://www.geeksforgeeks.org/count-sum-of-digits-in-numbers-from-1-to-n/
Dynamic Programming,Count possible ways to construct buildings,https://www.geeksforgeeks.org/count-possible-ways-to-construct-buildings/
Dynamic Programming,Maximum profit by buying and selling a share at most twice,https://www.geeksforgeeks.org/maximum-profit-by-buying-and-selling-a-share-at-most-twice/
Dynamic Programming,How to print maximum number of A’s using given four keys,https://www.geeksforgeeks.org/how-to-print-maximum-number-of-a-using-given-four-keys/
Dynamic Programming,Find the minimum cost to reach destination using a train,https://www.geeksforgeeks.org/find-the-minimum-cost-to-reach-a-destination-where-every-station-is-connected-in-one-direction/
Dynamic Programming,Vertex Cover Problem | Set 2 (Dynamic Programming Solution for Tree),https://www.geeksforgeeks.org/vertex-cover-problem-set-2-dynamic-programming-solution-tree/
Dynamic Programming,Count number of ways to reach a given score in a game,https://www.geeksforgeeks.org/count-number-ways-reach-given-score-game/
Dynamic Programming,Weighted Job Scheduling,https://www.geeksforgeeks.org/weighted-job-scheduling/
Dynamic Programming,Longest Even Length Substring such that Sum of First and Second Half is same,https://www.geeksforgeeks.org/longest-even-length-substring-sum-first-second-half/
Pattern Searching,Naive Pattern Searching,https://www.geeksforgeeks.org/searching-for-patterns-set-1-naive-pattern-searching/
Pattern Searching,KMP Algorithm,https://www.geeksforgeeks.org/searching-for-patterns-set-2-kmp-algorithm/
Pattern Searching,Rabin-Karp Algorithm,https://www.geeksforgeeks.org/searching-for-patterns-set-3-rabin-karp-algorithm/
Pattern Searching,A Naive Pattern Searching Question,https://www.geeksforgeeks.org/pattern-searching-set-4-a-naive-string-matching-algo-question/
Pattern Searching,Finite Automata,https://www.geeksforgeeks.org/searching-for-patterns-set-5-finite-automata/
Pattern Searching,Efficient Construction of Finite Automata,https://www.geeksforgeeks.org/pattern-searching-set-5-efficient-constructtion-of-finite-automata/
Pattern Searching,Boyer Moore Algorithm – Bad Character Heuristic,https://www.geeksforgeeks.org/pattern-searching-set-7-boyer-moore-algorithm-bad-character-heuristic/
Pattern Searching,Suffix Array,https://www.geeksforgeeks.org/suffix-array-set-1-introduction/
Pattern Searching,Anagram Substring Search (Or Search for all permutations),https://www.geeksforgeeks.org/anagram-substring-search-search-permutations/
Pattern Searching,Pattern Searching using a Trie of all Suffixes,https://www.geeksforgeeks.org/pattern-searching-using-trie-suffixes/
Pattern Searching,Aho-Corasick Algorithm for Pattern Searching,https://www.geeksforgeeks.org/aho-corasick-algorithm-pattern-searching/
Pattern Searching,kasai’s Algorithm for Construction of LCP array from Suffix Array,https://www.geeksforgeeks.org/%c2%ad%c2%adkasais-algorithm-for-construction-of-lcp-array-from-suffix-array/
Pattern Searching,Z algorithm (Linear time pattern searching Algorithm),https://www.geeksforgeeks.org/z-algorithm-linear-time-pattern-searching-algorithm/
Pattern Searching,Program to wish Women’s Day,https://www.geeksforgeeks.org/program-wish-womens-day/
Other String Algorithms,Manacher’s Algorithm – Linear Time Longest Palindromic Substring – Part 1,https://www.geeksforgeeks.org/manachers-algorithm-linear-time-longest-palindromic-substring-part-1/
Other String Algorithms,Longest Even Length Substring such that Sum of First and Second Half is same,https://www.geeksforgeeks.org/longest-even-length-substring-sum-first-second-half/
Other String Algorithms,Print all possible strings that can be made by placing spaces,https://www.geeksforgeeks.org/print-possible-strings-can-made-placing-spaces/
Backtracking,Print all permutations of a given string,https://www.geeksforgeeks.org/write-a-c-program-to-print-all-permutations-of-a-given-string/
Backtracking,The Knight’s tour problem,https://www.geeksforgeeks.org/backtracking-set-1-the-knights-tour-problem/
Backtracking,Rat in a Maze,https://www.geeksforgeeks.org/backttracking-set-2-rat-in-a-maze/
Backtracking,N Queen Problem,https://www.geeksforgeeks.org/backtracking-set-3-n-queen-problem/
Backtracking,Subset Sum,https://www.geeksforgeeks.org/backttracking-set-4-subset-sum/
Backtracking,m Coloring Problem,https://www.geeksforgeeks.org/backttracking-set-5-m-coloring-problem/
Backtracking,Hamiltonian Cycle,https://www.geeksforgeeks.org/backtracking-set-7-hamiltonian-cycle/
Backtracking,Sudoku,https://www.geeksforgeeks.org/backtracking-set-7-suduku/
Backtracking,Tug of War,https://www.geeksforgeeks.org/tug-of-war/
Backtracking,Solving Cryptarithmetic Puzzles,https://www.geeksforgeeks.org/backtracking-set-8-solving-cryptarithmetic-puzzles/
Divide and Conquer,Introduction,https://www.geeksforgeeks.org/divide-and-conquer-set-1-find-closest-pair-of-points/
Divide and Conquer,"Write your own pow(x, n) to calculate x*n",https://www.geeksforgeeks.org/write-a-c-program-to-calculate-powxn/
Divide and Conquer,Median of two sorted arrays,https://www.geeksforgeeks.org/median-of-two-sorted-arrays/
Divide and Conquer,Count Inversions,https://www.geeksforgeeks.org/counting-inversions/
Divide and Conquer,Closest Pair of Points,https://www.geeksforgeeks.org/closest-pair-of-points/
Divide and Conquer,Strassen’s Matrix Multiplication,https://www.geeksforgeeks.org/strassens-matrix-multiplication/
Divide and Conquer,Quick Sort vs Merge Sort,https://www.geeksforgeeks.org/quick-sort-vs-merge-sort/
Geometric Algorithms,Closest Pair of Points | O(nlogn) Implementation,https://www.geeksforgeeks.org/closest-pair-of-points-onlogn-implementation/
Geometric Algorithms,How to check if two given line segments intersect?,https://www.geeksforgeeks.org/check-if-two-given-line-segments-intersect/
Geometric Algorithms,How to check if a given point lies inside or outside a polygon?,https://www.geeksforgeeks.org/how-to-check-if-a-given-point-lies-inside-a-polygon/
Geometric Algorithms,Convex Hull | Set 1 (Jarvis’s Algorithm or Wrapping),https://www.geeksforgeeks.org/convex-hull-set-1-jarviss-algorithm-or-wrapping/
Geometric Algorithms,Convex Hull | Set 2 (Graham Scan),https://www.geeksforgeeks.org/convex-hull-set-2-graham-scan/
Geometric Algorithms,"Given n line segments, find if any two segments intersect",https://www.geeksforgeeks.org/given-a-set-of-line-segments-find-if-any-two-segments-intersect/
Geometric Algorithms,Check whether a given point lies inside a triangle or not,https://www.geeksforgeeks.org/check-whether-a-given-point-lies-inside-a-triangle-or-not/
Geometric Algorithms,How to check if given four points form a square,http://geeksquiz.com/check-given-four-points-form-square/
Mathematical Algorithms,Write an Efficient Method to Check if a Number is Multiple of 3,https://www.geeksforgeeks.org/write-an-efficient-method-to-check-if-a-number-is-multiple-of-3/
Mathematical Algorithms,Efficient way to multiply with 7,https://www.geeksforgeeks.org/efficient-way-to-multiply-with-7/
Mathematical Algorithms,Write a C program to print all permutations of a given string,https://www.geeksforgeeks.org/write-a-c-program-to-print-all-permutations-of-a-given-string/
Mathematical Algorithms,Lucky Numbers,https://www.geeksforgeeks.org/lucky-numbers/
Mathematical Algorithms,Write a program to add two numbers in base 14,https://www.geeksforgeeks.org/write-a-program-to-add-two-numbers-in-base-14/
Mathematical Algorithms,Babylonian method for square root,https://www.geeksforgeeks.org/square-root-of-a-perfect-square/
Mathematical Algorithms,"Multiply two integers without using multiplication, division and bitwise operators, and no loops",https://www.geeksforgeeks.org/multiply-two-numbers-without-using-multiply-division-bitwise-operators-and-no-loops/
Mathematical Algorithms,Print all combinations of points that can compose a given number,https://www.geeksforgeeks.org/print-all-combinations-of-points-that-can-compose-a-given-number/
Mathematical Algorithms,Write you own Power without using multiplication(*) and division(/) operators,https://www.geeksforgeeks.org/write-you-own-power-without-using-multiplication-and-division/
Mathematical Algorithms,Program for Fibonacci numbers,https://www.geeksforgeeks.org/program-for-nth-fibonacci-number/
Mathematical Algorithms,Average of a stream of numbers,https://www.geeksforgeeks.org/average-of-a-stream-of-numbers/
Mathematical Algorithms,Count numbers that don’t contain 3,https://www.geeksforgeeks.org/count-numbers-that-dont-contain-3/
Mathematical Algorithms,MagicSquare,https://www.geeksforgeeks.org/magic-square/
Mathematical Algorithms,Sieve of Eratosthenes,https://www.geeksforgeeks.org/sieve-of-eratosthenes/
Mathematical Algorithms,Number which has the maximum number of distinct prime factors in the range M to N,https://www.geeksforgeeks.org/number-which-has-the-maximum-number-of-distinct-prime-factors-in-range-m-to-n/
Mathematical Algorithms,Find day of the week for a given date,https://www.geeksforgeeks.org/find-day-of-the-week-for-a-given-date/
Mathematical Algorithms,DFA based division,https://www.geeksforgeeks.org/dfa-based-division/
Mathematical Algorithms,Generate integer from 1 to 7 with equal probability,https://www.geeksforgeeks.org/generate-integer-from-1-to-7-with-equal-probability/
Mathematical Algorithms,"Given a number, find the next smallest palindrome",https://www.geeksforgeeks.org/given-a-number-find-next-smallest-palindrome-larger-than-this-number/
Mathematical Algorithms,Make a fair coin from a biased coin,https://www.geeksforgeeks.org/print-0-and-1-with-50-probability/
Mathematical Algorithms,Check divisibility by 7,https://www.geeksforgeeks.org/divisibility-by-7/
Mathematical Algorithms,Find the largest multiple of 3,https://www.geeksforgeeks.org/find-the-largest-number-multiple-of-3/
Mathematical Algorithms,Lexicographic rank of a string,https://www.geeksforgeeks.org/lexicographic-rank-of-a-string/
Mathematical Algorithms,Print all permutations in sorted (lexicographic) order,https://www.geeksforgeeks.org/lexicographic-permutations-of-string/
Mathematical Algorithms,Shuffle a given array,https://www.geeksforgeeks.org/shuffle-a-given-array/
Mathematical Algorithms,Space and time efficient Binomial Coefficient,https://www.geeksforgeeks.org/space-and-time-efficient-binomial-coefficient/
Mathematical Algorithms,Reservoir Sampling,https://www.geeksforgeeks.org/reservoir-sampling/
Mathematical Algorithms,Pascal’s Triangle,https://www.geeksforgeeks.org/pascal-triangle/
Mathematical Algorithms,"Select a random number from stream, with O(1) space",https://www.geeksforgeeks.org/select-a-random-number-from-stream-with-o1-space/
Mathematical Algorithms,"Find the largest multiple of 2, 3 and 5",https://www.geeksforgeeks.org/find-the-largest-multiple-of-2-3-and-5/
Mathematical Algorithms,Efficient program to calculate e^x,https://www.geeksforgeeks.org/program-to-efficiently-calculate-ex/
Mathematical Algorithms,Measure one litre using two vessels and infinite water supply,https://www.geeksforgeeks.org/measure-1-litre-from-two-vessels-infinite-water-supply/
Mathematical Algorithms,Efficient program to print all prime factors of a given number,https://www.geeksforgeeks.org/print-all-prime-factors-of-a-given-number/
Mathematical Algorithms,Print all possible combinations of r elements in a given array of size n,https://www.geeksforgeeks.org/print-all-possible-combinations-of-r-elements-in-a-given-array-of-size-n/
Mathematical Algorithms,Random number generator in arbitrary probability distribution fashion,https://www.geeksforgeeks.org/random-number-generator-in-arbitrary-probability-distribution-fashion/
Mathematical Algorithms,How to check if a given number is Fibonacci number?,https://www.geeksforgeeks.org/check-number-fibonacci-number/
Mathematical Algorithms,Russian Peasant Multiplication,https://www.geeksforgeeks.org/fast-multiplication-method-without-using-multiplication-operator-russian-peasants-algorithm/
Mathematical Algorithms,Count all possible groups of size 2 or 3 that have sum as multiple of 3,https://www.geeksforgeeks.org/count-possible-groups-size-2-3-sum-multiple-3/
Mathematical Algorithms,Tower of Hanoi,http://geeksquiz.com/c-program-for-tower-of-hanoi/
Mathematical Algorithms,Horner’s Method for Polynomial Evaluation,https://www.geeksforgeeks.org/horners-method-polynomial-evaluation/
Mathematical Algorithms,Count trailing zeroes in factorial of a number,https://www.geeksforgeeks.org/count-trailing-zeroes-factorial-number/
Mathematical Algorithms,Program for nth Catalan Number,https://www.geeksforgeeks.org/program-nth-catalan-number/
Mathematical Algorithms,Generate one of 3 numbers according to given probabilities,https://www.geeksforgeeks.org/write-a-function-to-generate-3-numbers-according-to-given-probabilities/
Mathematical Algorithms,Find Excel column name from a given column number,https://www.geeksforgeeks.org/find-excel-column-name-given-number/
Mathematical Algorithms,Find next greater number with same set of digits,https://www.geeksforgeeks.org/find-next-greater-number-set-digits/
Mathematical Algorithms,Count Possible Decodings of a given Digit Sequence,https://www.geeksforgeeks.org/count-possible-decodings-given-digit-sequence/
Mathematical Algorithms,Calculate the angle between hour hand and minute hand,https://www.geeksforgeeks.org/calculate-angle-hour-hand-minute-hand/
Mathematical Algorithms,Count number of binary strings without consecutive 1?s,https://www.geeksforgeeks.org/count-number-binary-strings-without-consecutive-1s/
Mathematical Algorithms,Find the smallest number whose digits multiply to a given number n,https://www.geeksforgeeks.org/find-smallest-number-whose-digits-multiply-given-number-n/
Mathematical Algorithms,Draw a circle without floating point arithmetic,http://geeksquiz.com/draw-circle-without-floating-point-arithmetic/
Mathematical Algorithms,How to check if an instance of 8 puzzle is solvable?,https://www.geeksforgeeks.org/check-instance-8-puzzle-solvable/
Mathematical Algorithms,Birthday Paradox,https://www.geeksforgeeks.org/birthday-paradox/
Mathematical Algorithms,Multiply two polynomials,https://www.geeksforgeeks.org/multiply-two-polynomials-2/
Mathematical Algorithms,"Count Distinct Non-Negative Integer Pairs (x, y) that Satisfy the Inequality x*x + y*y < n",https://www.geeksforgeeks.org/count-distinct-non-negative-pairs-x-y-satisfy-inequality-xx-yy-n-2/
Mathematical Algorithms,Count ways to reach the n’th stair,https://www.geeksforgeeks.org/count-ways-reach-nth-stair/
Mathematical Algorithms,Replace all ‘0’ with ‘5’ in an input Integer,http://geeksquiz.com/replace-0-5-input-integer/
Mathematical Algorithms,Program to add two polynomials,http://geeksquiz.com/program-add-two-polynomials/
Mathematical Algorithms,Print first k digits of 1/n where n is a positive integer,http://geeksquiz.com/print-first-k-digits-1n-n-positive-integer/
Mathematical Algorithms,"Given a number as a string, find the number of contiguous subsequences which recursively add up to 9",http://geeksquiz.com/given-number-find-number-contiguous-subsequences-recursively-add-9/
Mathematical Algorithms,Program for Bisection Method,https://www.geeksforgeeks.org/program-for-bisection-method/
Mathematical Algorithms,Program for Method Of False Position,https://www.geeksforgeeks.org/program-for-method-of-false-position/
Mathematical Algorithms,Program for Newton Raphson Method,https://www.geeksforgeeks.org/program-for-newton-raphson-method/
Bit Algorithms,Find the element that appears once,https://www.geeksforgeeks.org/find-the-element-that-appears-once/
Bit Algorithms,Detect opposite signs,https://www.geeksforgeeks.org/detect-if-two-integers-have-opposite-signs/
Bit Algorithms,Set bits in all numbers from 1 to n,https://www.geeksforgeeks.org/count-total-set-bits-in-all-numbers-from-1-to-n/
Bit Algorithms,Swap bits,https://www.geeksforgeeks.org/swap-bits-in-a-given-number/
Bit Algorithms,Add two numbers,https://www.geeksforgeeks.org/add-two-numbers-without-using-arithmetic-operators/
Bit Algorithms,Smallest of three,https://www.geeksforgeeks.org/smallest-of-three-integers-without-comparison-operators/
Bit Algorithms,A Boolean Array Puzzle,https://www.geeksforgeeks.org/a-boolean-array-puzzle/
Bit Algorithms,Set bits in an (big) array,https://www.geeksforgeeks.org/program-to-count-number-of-set-bits-in-an-big-array/
Bit Algorithms,Next higher number with same number of set bits,https://www.geeksforgeeks.org/next-higher-number-with-same-number-of-set-bits/
Bit Algorithms,Optimization Technique (Modulus),https://www.geeksforgeeks.org/optimization-techniques-set-1-modulus/
Bit Algorithms,Add 1 to a number,https://www.geeksforgeeks.org/add-1-to-a-given-number/
Bit Algorithms,Multiply with 3.5,https://www.geeksforgeeks.org/multiply-an-integer-with-3-5/
Bit Algorithms,Turn off the rightmost set bit,https://www.geeksforgeeks.org/turn-off-the-rightmost-set-bit/
Bit Algorithms,Check for Power of 4,https://www.geeksforgeeks.org/find-whether-a-given-number-is-a-power-of-4-or-not/
Bit Algorithms,Absolute value (abs) without branching,https://www.geeksforgeeks.org/compute-the-integer-absolute-value-abs-without-branching/
Bit Algorithms,Modulus division by a power-of-2-number,https://www.geeksforgeeks.org/compute-modulus-division-by-a-power-of-2-number/
Bit Algorithms,Minimum or Maximum of two integers,https://www.geeksforgeeks.org/compute-the-minimum-or-maximum-max-of-two-integers-without-branching/
Bit Algorithms,Rotate bits,https://www.geeksforgeeks.org/rotate-bits-of-an-integer/
Bit Algorithms,Find the two non-repeating elements in an array,https://www.geeksforgeeks.org/find-two-non-repeating-elements-in-an-array-of-repeating-elements/
Bit Algorithms,Number Occurring Odd Number of Times,https://www.geeksforgeeks.org/find-the-number-occurring-odd-number-of-times/
Bit Algorithms,Check for Integer Overflow,https://www.geeksforgeeks.org/check-for-integer-overflow/
Bit Algorithms,Little and Big Endian,https://www.geeksforgeeks.org/little-and-big-endian-mystery/
Bit Algorithms,Reverse Bits of a Number,https://www.geeksforgeeks.org/write-an-efficient-c-program-to-reverse-bits-of-a-number/
Bit Algorithms,Count set bits in an integer,https://www.geeksforgeeks.org/count-set-bits-in-an-integer/
Bit Algorithms,Number of bits to be flipped to convert A to B,https://www.geeksforgeeks.org/count-number-of-bits-to-be-flipped-to-convert-a-to-b/
Bit Algorithms,Next Power of 2,https://www.geeksforgeeks.org/next-power-of-2/
Bit Algorithms,Check if a Number is Multiple of 3,https://www.geeksforgeeks.org/write-an-efficient-method-to-check-if-a-number-is-multiple-of-3/
Bit Algorithms,Find parity,https://www.geeksforgeeks.org/write-a-c-program-to-find-the-parity-of-an-unsigned-integer/
Bit Algorithms,Multiply with 7,https://www.geeksforgeeks.org/efficient-way-to-multiply-with-7/
Bit Algorithms,Find whether a no is power of two,https://www.geeksforgeeks.org/write-one-line-c-function-to-find-whether-a-no-is-power-of-two/
Bit Algorithms,Position of rightmost set bit,https://www.geeksforgeeks.org/position-of-rightmost-set-bit/
Bit Algorithms,Binary representation of a given number,https://www.geeksforgeeks.org/binary-representation-of-a-given-number/
Bit Algorithms,Swap all odd and even bits,https://www.geeksforgeeks.org/swap-all-odd-and-even-bits/
Bit Algorithms,Find position of the only set bit,https://www.geeksforgeeks.org/find-position-of-the-only-set-bit/
Bit Algorithms,Karatsuba algorithm for fast multiplication,https://www.geeksforgeeks.org/divide-and-conquer-set-2-karatsuba-algorithm-for-fast-multiplication/
Bit Algorithms,How to swap two numbers without using a temporary variable?,https://www.geeksforgeeks.org/swap-two-numbers-without-using-temporary-variable/
Bit Algorithms,Check if a number is multiple of 9 using bitwise operators,https://www.geeksforgeeks.org/divisibility-9-using-bitwise-operators/
Bit Algorithms,Swap two nibbles in a byte,https://www.geeksforgeeks.org/swap-two-nibbles-byte/
Bit Algorithms,How to turn off a particular bit in a number?,https://www.geeksforgeeks.org/how-to-turn-off-a-particular-bit-in-a-number/
Bit Algorithms,Check if binary representation of a number is palindrome,https://www.geeksforgeeks.org/check-binary-representation-number-palindrome/
"Introduction, DFS and BFS",Graph and its representations,https://www.geeksforgeeks.org/graph-and-its-representations/
"Introduction, DFS and BFS",Breadth First Traversal for a Graph,https://www.geeksforgeeks.org/breadth-first-traversal-for-a-graph/
"Introduction, DFS and BFS",Depth First Traversal for a Graph,https://www.geeksforgeeks.org/depth-first-traversal-for-a-graph/
"Introduction, DFS and BFS",Applications of Depth First Search,https://www.geeksforgeeks.org/applications-of-depth-first-search/
"Introduction, DFS and BFS",Detect Cycle in a Directed Graph,https://www.geeksforgeeks.org/detect-cycle-in-a-graph/
"Introduction, DFS and BFS",Detect Cycle in a an Undirected Graph,https://www.geeksforgeeks.org/union-find/
"Introduction, DFS and BFS",Detect cycle in an undirected graph,https://www.geeksforgeeks.org/detect-cycle-undirected-graph/
"Introduction, DFS and BFS",Longest Path in a Directed Acyclic Graph,https://www.geeksforgeeks.org/find-longest-path-directed-acyclic-graph/
"Introduction, DFS and BFS",Topological Sorting,https://www.geeksforgeeks.org/topological-sorting/
"Introduction, DFS and BFS",Check whether a given graph is Bipartite or not,https://www.geeksforgeeks.org/bipartite-graph/
"Introduction, DFS and BFS",Snake and Ladder Problem,https://www.geeksforgeeks.org/snake-ladder-problem-2/
"Introduction, DFS and BFS",Biconnected Components,https://www.geeksforgeeks.org/biconnected-components/
"Introduction, DFS and BFS",Check if a given graph is tree or not,http://geeksquiz.com/check-given-graph-tree/
Minimum Spanning Tree,Prim’s Minimum Spanning Tree (MST)),https://www.geeksforgeeks.org/greedy-algorithms-set-5-prims-minimum-spanning-tree-mst-2/
Minimum Spanning Tree,Applications of Minimum Spanning Tree Problem,https://www.geeksforgeeks.org/applications-of-minimum-spanning-tree/
Minimum Spanning Tree,Prim’s MST for Adjacency List Representation,https://www.geeksforgeeks.org/greedy-algorithms-set-5-prims-mst-for-adjacency-list-representation/
Minimum Spanning Tree,Kruskal’s Minimum Spanning Tree Algorithm,https://www.geeksforgeeks.org/greedy-algorithms-set-2-kruskals-minimum-spanning-tree-mst/
Minimum Spanning Tree,Boruvka’s algorithm for Minimum Spanning Tree,https://www.geeksforgeeks.org/greedy-algorithms-set-9-boruvkas-algorithm/
Shortest Paths,Dijkstra’s shortest path algorithm,https://www.geeksforgeeks.org/greedy-algorithms-set-6-dijkstras-shortest-path-algorithm/
Shortest Paths,Dijkstra’s Algorithm for Adjacency List Representation,https://www.geeksforgeeks.org/greedy-algorithms-set-7-dijkstras-algorithm-for-adjacency-list-representation/
Shortest Paths,Bellman–Ford Algorithm,https://www.geeksforgeeks.org/dynamic-programming-set-23-bellman-ford-algorithm/
Shortest Paths,Floyd Warshall Algorithm,https://www.geeksforgeeks.org/dynamic-programming-set-16-floyd-warshall-algorithm/
Shortest Paths,Johnson’s algorithm for All-pairs shortest paths,https://www.geeksforgeeks.org/johnsons-algorithm/
Shortest Paths,Shortest Path in Directed Acyclic Graph,https://www.geeksforgeeks.org/shortest-path-for-directed-acyclic-graphs/
Shortest Paths,Some interesting shortest path questions,https://www.geeksforgeeks.org/interesting-shortest-path-questions-set-1/
Shortest Paths,Shortest path with exactly k edges in a directed and weighted graph,https://www.geeksforgeeks.org/shortest-path-exactly-k-edges-directed-weighted-graph/
Connectivity,Find if there is a path between two vertices in a directed graph,https://www.geeksforgeeks.org/find-if-there-is-a-path-between-two-vertices-in-a-given-graph/
Connectivity,Connectivity in a directed graph,https://www.geeksforgeeks.org/connectivity-in-a-directed-graph/
Connectivity,Articulation Points (or Cut Vertices) in a Graph,https://www.geeksforgeeks.org/articulation-points-or-cut-vertices-in-a-graph/
Connectivity,Biconnected graph,https://www.geeksforgeeks.org/biconnectivity-in-a-graph/
Connectivity,Bridges in a graph,https://www.geeksforgeeks.org/bridge-in-a-graph/
Connectivity,Eulerian path and circuit,https://www.geeksforgeeks.org/eulerian-path-and-circuit/
Connectivity,Fleury’s Algorithm for printing Eulerian Path or Circuit,https://www.geeksforgeeks.org/fleurys-algorithm-for-printing-eulerian-path/
Connectivity,Strongly Connected Components,https://www.geeksforgeeks.org/strongly-connected-components/
Connectivity,Transitive closure of a graph,https://www.geeksforgeeks.org/transitive-closure-of-a-graph/
Connectivity,Find the number of islands,https://www.geeksforgeeks.org/find-number-of-islands/
Connectivity,Count all possible walks from a source to a destination with exactly k edges,https://www.geeksforgeeks.org/count-possible-paths-source-destination-exactly-k-edges/
Connectivity,Euler Circuit in a Directed Graph,https://www.geeksforgeeks.org/euler-circuit-directed-graph/
Connectivity,Biconnected Components,https://www.geeksforgeeks.org/biconnected-components/
Connectivity,Tarjan’s Algorithm to find Strongly Connected Components,https://www.geeksforgeeks.org/tarjan-algorithm-find-strongly-connected-components/
Hard Problems,Graph Coloring (Introduction and Applications),https://www.geeksforgeeks.org/graph-coloring-applications/
Hard Problems,Greedy Algorithm for Graph Coloring,https://www.geeksforgeeks.org/graph-coloring-set-2-greedy-algorithm/
Hard Problems,Travelling Salesman Problem (Naive and Dynamic Programming),https://www.geeksforgeeks.org/travelling-salesman-problem-set-1/
Hard Problems,Travelling Salesman Problem (Approximate using MST),https://www.geeksforgeeks.org/travelling-salesman-problem-set-2-approximate-using-mst/
Hard Problems,Hamiltonian Cycle,https://www.geeksforgeeks.org/backtracking-set-7-hamiltonian-cycle/
Hard Problems,Vertex Cover Problem (Introduction and Approximate Algorithm),https://www.geeksforgeeks.org/vertex-cover-problem-set-1-introduction-approximate-algorithm-2/
Hard Problems,K Centers Problem (Greedy Approximate Algorithm),https://www.geeksforgeeks.org/k-centers-problem-set-1-greedy-approximate-algorithm/
Maximum Flow,Ford-Fulkerson Algorithm for Maximum Flow Problem,https://www.geeksforgeeks.org/ford-fulkerson-algorithm-for-maximum-flow-problem/
Maximum Flow,Find maximum number of edge disjoint paths between two vertices,https://www.geeksforgeeks.org/find-edge-disjoint-paths-two-vertices/
Maximum Flow,Find minimum s-t cut in a flow network,https://www.geeksforgeeks.org/minimum-cut-in-a-directed-graph/
Maximum Flow,Maximum Bipartite Matching,https://www.geeksforgeeks.org/maximum-bipartite-matching/
Maximum Flow,Channel Assignment Problem,https://www.geeksforgeeks.org/channel-assignment-problem/
Misc,Find if the strings can be chained to form a circle,https://www.geeksforgeeks.org/given-array-strings-find-strings-can-chained-form-circle/
Misc,"Given a sorted dictionary of an alien language, find order of characters",https://www.geeksforgeeks.org/given-sorted-dictionary-find-precedence-characters/
Misc,Karger’s algorithm for Minimum Cut,https://www.geeksforgeeks.org/kargers-algorithm-for-minimum-cut-set-1-introduction-and-implementation/
Misc,Karger’s algorithm for Minimum Cut | Set 2 (Analysis and Applications),https://www.geeksforgeeks.org/kargers-algorithm-for-minimum-cut-set-2-analysis-and-applications/
Misc,Hopcroft–Karp Algorithm for Maximum Matching | Set 1 (Introduction),https://www.geeksforgeeks.org/hopcroft-karp-algorithm-for-maximum-matching-set-1-introduction/
Misc,Hopcroft–Karp Algorithm for Maximum Matching | Set 2 (Implementation),https://www.geeksforgeeks.org/hopcroft-karp-algorithm-for-maximum-matching-set-1-introduction/
Misc,Length of shortest chain to reach a target word,https://www.geeksforgeeks.org/length-of-shortest-chain-to-reach-a-target-word/
Misc,Find same contacts in a list of contacts,https://www.geeksforgeeks.org/find-same-contacts-in-a-list-of-contacts/
Randomized Algorithms,Linearity of Expectation,https://www.geeksforgeeks.org/linearity-of-expectation/
Randomized Algorithms,Expected Number of Trials until Success,https://www.geeksforgeeks.org/expected-number-of-trials-before-success/
Randomized Algorithms,Randomized Algorithms | Set 0 (Mathematical Background),https://www.geeksforgeeks.org/randomized-algorithms-set-0-mathematical-background/
Randomized Algorithms,Randomized Algorithms | Set 1 (Introduction and Analysis),https://www.geeksforgeeks.org/randomized-algorithms-set-1-introduction-and-analysis/
Randomized Algorithms,Randomized Algorithms | Set 2 (Classification and Applications),https://www.geeksforgeeks.org/randomized-algorithms-set-2-classification-and-applications/
Randomized Algorithms,Randomized Algorithms | Set 3 (1/2 Approximate Median),https://www.geeksforgeeks.org/randomized-algorithms-set-3-12-approximate-median/
Randomized Algorithms,Karger’s algorithm for Minimum Cut,https://www.geeksforgeeks.org/kargers-algorithm-for-minimum-cut-set-1-introduction-and-implementation/
Randomized Algorithms,K’th Smallest/Largest Element in Unsorted Array | Set 2 (Expected Linear Time),https://www.geeksforgeeks.org/kth-smallestlargest-element-unsorted-array-set-2-expected-linear-time/
Randomized Algorithms,Reservoir Sampling,https://www.geeksforgeeks.org/reservoir-sampling/
Randomized Algorithms,Shuffle a given array,https://www.geeksforgeeks.org/shuffle-a-given-array/
Randomized Algorithms,Select a Random Node from a Singly Linked List,https://www.geeksforgeeks.org/select-a-random-node-from-a-singly-linked-list/
Branch and Bound,Branch and Bound | Set 1 (Introduction with 0/1 Knapsack),https://www.geeksforgeeks.org/branch-and-bound-set-1-introduction-with-01-knapsack/
Branch and Bound,Branch and Bound | Set 2 (Implementation of 0/1 Knapsack),https://www.geeksforgeeks.org/branch-and-bound-set-2-implementation-of-01-knapsack/
Branch and Bound,Branch and Bound | Set 3 (8 puzzle Problem),https://www.geeksforgeeks.org/branch-bound-set-3-8-puzzle-problem/
Branch and Bound,Branch And Bound | Set 4 (Job Assignment Problem),https://www.geeksforgeeks.org/branch-bound-set-4-job-assignment-problem/
Branch and Bound,Branch and Bound | Set 5 (N Queen Problem),https://www.geeksforgeeks.org/branch-and-bound-set-4-n-queen-problem/
Branch and Bound,Branch And Bound | Set 6 (Traveling Salesman Problem),https://www.geeksforgeeks.org/branch-bound-set-5-traveling-salesman-problem/
Quizzes on Algorithms,Analysis of Algorithms,http://geeksquiz.com/algorithms/analysis-of-algorithms/
Quizzes on Algorithms,Sorting,http://geeksquiz.com/algorithms/searching-and-sorting/
Quizzes on Algorithms,Divide and Conquer,http://geeksquiz.com/algorithms/divide-and-conquer/
Quizzes on Algorithms,Greedy Algorithms,http://geeksquiz.com/algorithms/greedy-algorithms/
Quizzes on Algorithms,Dynamic Programming,http://geeksquiz.com/algorithms/dynamic-programming/
Quizzes on Algorithms,Backtracking,http://geeksquiz.com/algorithms/backtracking/
Quizzes on Algorithms,Misc,http://geeksquiz.com/algorithms/misc-2/
Quizzes on Algorithms,NP Complete,http://geeksquiz.com/algorithms/np-complete/
Quizzes on Algorithms,Searching,http://geeksquiz.com/algorithms/searching/
Quizzes on Algorithms,Analysis of Algorithms (Recurrences),http://geeksquiz.com/algorithms/analysis-of-algorithms-recurrences/
Quizzes on Algorithms,Recursion,http://geeksquiz.com/algorithms/recursion/
Quizzes on Algorithms,Bit Algorithms,http://geeksquiz.com/algorithms/bit-algorithms/
Quizzes on Algorithms,Graph Traversals,http://geeksquiz.com/algorithms/graph-traversals/
Quizzes on Algorithms,Graph Shortest Paths,http://geeksquiz.com/algorithms/graph-shortest-paths/
Quizzes on Algorithms,Graph Minimum Spanning Tree,http://geeksquiz.com/algorithms/graph-minimum-spanning-tree/
Misc,Commonly Asked Algorithm Interview Questions | Set 1,http://geeksquiz.com/commonly-asked-algorithm-interview-questions-set-1/
Misc,"Given a matrix of ‘O’ and ‘X’, find the largest subsquare surrounded by ‘X’",https://www.geeksforgeeks.org/given-matrix-o-x-find-largest-subsquare-surrounded-x/
Misc,Nuts & Bolts Problem (Lock & Key problem),https://www.geeksforgeeks.org/nuts-bolts-problem-lock-key-problem/
Misc,Flood fill Algorithm – how to implement fill() in paint?,https://www.geeksforgeeks.org/flood-fill-algorithm-implement-fill-paint/
Misc,"Given n appointments, find all conflicting appointments",https://www.geeksforgeeks.org/given-n-appointments-find-conflicting-appointments/
Misc,Check a given sentence for a given set of simple grammer rules,https://www.geeksforgeeks.org/check-given-sentence-given-set-simple-grammer-rules/
Misc,Find Index of 0 to be replaced with 1 to get longest continuous sequence of 1s in a binary array,https://www.geeksforgeeks.org/find-index-0-replaced-1-get-longest-continuous-sequence-1s-binary-array/
Misc,How to check if two given sets are disjoint?,https://www.geeksforgeeks.org/check-two-given-sets-disjoint/
Misc,Minimum Number of Platforms Required for a Railway/Bus Station,https://www.geeksforgeeks.org/minimum-number-platforms-required-railwaybus-station/
Misc,Length of the largest subarray with contiguous elements | Set 1,https://www.geeksforgeeks.org/length-largest-subarray-contiguous-elements-set-1/
Misc,Length of the largest subarray with contiguous elements | Set 2,https://www.geeksforgeeks.org/length-largest-subarray-contiguous-elements-set-2/
Misc,Print all increasing sequences of length k from first n natural numbers,https://www.geeksforgeeks.org/print-increasing-sequences-length-k-first-n-natural-numbers/
Misc,"Given two strings, find if first string is a subsequence of second",https://www.geeksforgeeks.org/given-two-strings-find-first-string-subsequence-second/
Misc,Snake and Ladder Problem,https://www.geeksforgeeks.org/snake-ladder-problem-2/
Misc,Write a function that returns 2 for input 1 and returns 1 for 2,http://geeksquiz.com/write-function-returns-2-input-1-returns-1-2/
Misc,Connect n ropes with minimum cost,https://www.geeksforgeeks.org/connect-n-ropes-minimum-cost/
Misc,Find the number of valid parentheses expressions of given length,http://geeksquiz.com/find-number-valid-parentheses-expressions-given-length/
Misc,Longest Monotonically Increasing Subsequence Size (N log N): Simple implementation,http://geeksquiz.com/longest-monotonically-increasing-subsequence-size-n-log-n-simple-implementation/
Misc,Generate all binary permutations such that there are more 1’s than 0’s at every point in all permutations,http://geeksquiz.com/generate-binary-permutations-1s-0s-every-point-permutations/
Misc,Lexicographically minimum string rotation,http://geeksquiz.com/lexicographically-minimum-string-rotation/
Misc,Construct an array from its pair-sum array,http://geeksquiz.com/construct-array-pair-sum-array/
Misc,Program to evaluate simple expressions,http://geeksquiz.com/program-evaluate-simple-expressions/
Misc,Check if characters of a given string can be rearranged to form a palindrome,http://geeksquiz.com/check-characters-given-string-can-rearranged-form-palindrome/
Misc,Print all pairs of anagrams in a given array of strings,http://geeksquiz.com/print-pairs-anagrams-given-array-strings/
