Title,Link,Views,Posted On
A Slide in the Woods... What Could Go Wrong? [Crazy Horror Game],https://www.youtube.com/watch?v=iFMoafgCRwo,11K views,6 hours ago
Phasmophobia: All Maps & All Objectives - Solo Professional,https://www.youtube.com/watch?v=av_JcUfWQss,21K views,20 hours ago
The Most Wholesome Monster Story | BLACK - Full Game & All Endings,https://www.youtube.com/watch?v=HHrs2vYb5M4,8.2K views,1 day ago
Very Unique and Terrifying Indie Horror Game | Iblis - Full Game,https://www.youtube.com/watch?v=Nz1BremhBXg,26K views,1 day ago
This Game Scared me So Hard it Hurt | Down Beneath - Full Game,https://www.youtube.com/watch?v=CIaQCDSbeb8,33K views,2 days ago
Grandpa Horror Game with A TERRIFYING Ending | The Caregiver - Chilla's art,https://www.youtube.com/watch?v=1LFwBZIaLck,30K views,2 days ago
Crazy Serial Killer in Small Town | Northbury Grove - Full Game,https://www.youtube.com/watch?v=OFmYUdF_ZRY,24K views,3 days ago
I'm on Observation Duty 3 is Actually SUPER FUN!,https://www.youtube.com/watch?v=Ez7iuYv2G5s,68K views,3 days ago
The End of a Journey - Totem,https://www.youtube.com/watch?v=krbK_AW4O8Q,8.3K views,4 days ago
This Monster Watches While You Sleep | (Don't) Open Your Eyes - Full Game,https://www.youtube.com/watch?v=b_yfLbQmpbE,35K views,4 days ago
It's Okay to Cry Sometimes | Before Your Eyes - Full Game,https://www.youtube.com/watch?v=drieziqEqvI,17K views,4 days ago
The Phasmophobia Public Lobby Experience - Part 14,https://www.youtube.com/watch?v=kdTDPsSK_so,33K views,5 days ago
Going Out of Bounds in Real Life - The Backrooms Horror Game,https://www.youtube.com/watch?v=h5eF_Byss5s,50K views,5 days ago
The Ghost Hunters Corp Multiplayer Experience,https://www.youtube.com/watch?v=yHJ6z9HjNo4,54K views,6 days ago
Facing the Most Dangerous Alien - Totem Part 2,https://www.youtube.com/watch?v=PPSNZ3GwO_o,16K views,6 days ago
Echolocation Horror Game with a Crushing Story | Stifled - Full Game & All Endings,https://www.youtube.com/watch?v=ISgIOkvzZN4,39K views,1 week ago
A NEW I am on Observation Duty! - I am the Caretaker,https://www.youtube.com/watch?v=Y-ZGngyXoRw,137K views,1 week ago
Going Deep Down a Haunted Mine | Inside Depth 6 - Full Game,https://www.youtube.com/watch?v=8cwoz1tDbpY,25K views,1 week ago
Learn the Language of Aliens in this Incredible Game - Totem Part 1,https://www.youtube.com/watch?v=72g_9JhrItk,23K views,1 week ago
You Descend an Endless Stairwell and See This... | SCP-087 - Full Game,https://www.youtube.com/watch?v=cHL1BaZG2aU,37K views,1 week ago
You're a Security Guard for a Mysterious Company... | Security Booth - All Endings,https://www.youtube.com/watch?v=ZRjdudDjZKE,63K views,1 week ago
The Most Creative Horror Game Ever | Lost in Vivo - Full Game,https://www.youtube.com/watch?v=s-QofLYVdqs,53K views,1 week ago
This Game Hits Hard in 2021... - Presentable Liberty,https://www.youtube.com/watch?v=9zjdZOF5x3A,19K views,1 week ago
Spending Your Vacation at an Abandoned Asylum - Nyctophobia,https://www.youtube.com/watch?v=EPs1brf8xLg,43K views,1 week ago
You're Locked in a Haunted Russian School... - Summer of 58,https://www.youtube.com/watch?v=RdeFPlM_9a8,86K views,1 week ago
You're Home Alone and the Doorbell rings... - Fears to Fathom Home Alone,https://www.youtube.com/watch?v=R7DZK3Zg8V4,62K views,1 week ago
Would you go to a Haunted Asylum for 500$? - Paranormal Entities,https://www.youtube.com/watch?v=GqPoIvQ86Bo,67K views,1 week ago
FLYING DEAD BODIES & MORE in Phasmophobia [LVL 5013],https://www.youtube.com/watch?v=qTKBZLnB3EU,34K views,1 week ago
I've Never been so Invested in a Character - Blank Frame - Beautiful Horror Game,https://www.youtube.com/watch?v=PIBm5PFf4v4,35K views,1 week ago
Ghost Hunters Corp: All Maps on EXTREME Difficulty,https://www.youtube.com/watch?v=NbfoqjOWNic,30K views,2 weeks ago
Saving my Listeners From a SERIAL KILLER - Killer Frequency,https://www.youtube.com/watch?v=w6v5pJWRx30,47K views,2 weeks ago
Earliest Ghost Event EVER - Phasmophobia [LVL 4939],https://www.youtube.com/watch?v=pc1dIXAk3Z4,63K views,2 weeks ago
GET ME OUT OF HERE! | Suite 776 - Full Game,https://www.youtube.com/watch?v=IFestfGZ1hU,42K views,2 weeks ago
"Ghost Hunters Corp, but EVERYTHING is BROKEN",https://www.youtube.com/watch?v=cOb4FPeLY-A,27K views,2 weeks ago
The Best Horror Movie I Have Ever Played | Infliction - FULL GAME,https://www.youtube.com/watch?v=ynhN88uhDco,59K views,2 weeks ago
VR-Man Ascends to Heaven - Phasmophobia [LVL 4960],https://www.youtube.com/watch?v=0ecmFCGJ3Qo,23K views,2 weeks ago
The LOUDEST Horror Game Ever Made - Nun Massacre,https://www.youtube.com/watch?v=GS5gJPSgnnk,36K views,2 weeks ago
Phasmophobia: The Journey to Level 5000,https://www.youtube.com/watch?v=7mMgxmOKqqw,89K views,2 weeks ago
The CURSED Castle on EXTREME Difficulty - Ghost Hunters Corp,https://www.youtube.com/watch?v=SpXWYNieZv4,39K views,2 weeks ago
Do You Copy? - Full Game,https://www.youtube.com/watch?v=p5l6U5CjKCw,118K views,2 weeks ago
Ghost Hunters Corp Multiplayer is HILARIOUS ft. Psycho,https://www.youtube.com/watch?v=3yk_mGF-U7c,111K views,2 weeks ago
This Game Gave me too many Heart Attacks - Emily Wants to Play 2,https://www.youtube.com/watch?v=7rmJ52H4uoE,55K views,2 weeks ago
The HAUNTED Manor on EXTREME Difficulty - Ghost Hunters Corp,https://www.youtube.com/watch?v=tjMGnZVedP0,63K views,3 weeks ago
Playing Phasmophobia with an Angry Baby - [LVL 4931],https://www.youtube.com/watch?v=56N-Bg68neQ,29K views,3 weeks ago
Ghost Hunters Corp All Maps on HARD Difficulty + Bonus,https://www.youtube.com/watch?v=yAAm2sTY9zI,63K views,3 weeks ago
Ghost Hunters Corp: The Complete Guide - All You Need to Know!,https://www.youtube.com/watch?v=mFlDwl1szYE,60K views,3 weeks ago
Killing my Friend in Phasmophobia [LVL 4945],https://www.youtube.com/watch?v=9dMGM1oWrSs,31K views,3 weeks ago
They Added an EXTREME DIFFICULTY to Ghost Hunters Corp...,https://www.youtube.com/watch?v=VihSXZcNrFo,84K views,3 weeks ago
Smudge Sticks and Crucifixes can SAVE YOUR LIFE! - Phasmophobia [LVL 4920],https://www.youtube.com/watch?v=3ssFV3aAl5Q,42K views,3 weeks ago
Granny 2: Escaping with the Helicopter AND Boat!!,https://www.youtube.com/watch?v=a1paYoxMIk0,47K views,3 weeks ago
Ghost Hunters Corp: Destroying Ghosts with the Power of GOD,https://www.youtube.com/watch?v=hYOF8Lwkavw,54K views,3 weeks ago
Ghost Hunters Corp: Becoming a Professional Ghost Hunter,https://www.youtube.com/watch?v=g6FTHAnYUb8,102K views,3 weeks ago
Asylum Child Gives me a Heart Attack - Phasmophobia [LVL 4918],https://www.youtube.com/watch?v=Vwemtpsl32o,60K views,3 weeks ago
Ghost Hunters Corp Castle Map!,https://www.youtube.com/watch?v=8319BCiEapw,56K views,3 weeks ago
Ghost Hunters Corp is SUPER HARD! But I'm getting BETTER!,https://www.youtube.com/watch?v=KkBMZb-foiA,123K views,3 weeks ago
The Truck Driver in Phasmophobia - [LVL 4907],https://www.youtube.com/watch?v=R7UPrE-OVIU,43K views,3 weeks ago
The HARDEST DIFFICULTY in Ghost Hunters Corp is CRAZY!,https://www.youtube.com/watch?v=wGAmlBqLt6U,152K views,4 weeks ago
NEW Ghost Hunting Game with EXORCISMS! - Ghost Hunters Corp First Impressions,https://www.youtube.com/watch?v=DTgamqzgLBQ,390K views,4 weeks ago
Michael Jackson is AFTER ME! - Escape the Ayuwoki FULL GAME,https://www.youtube.com/watch?v=vaAYIwqkuxI,69K views,4 weeks ago
DON'T Leave Doors Open in ASYLUM! - Phasmophobia Tips [LVL 4896],https://www.youtube.com/watch?v=51Ww74ZywXE,50K views,4 weeks ago
FURBIES ARE TERRIFYING - Tattletail FULL GAME,https://www.youtube.com/watch?v=c5wYIwBkOsc,32K views,4 weeks ago
My FAVORITE Phasmophobia Moment EVER - [LVL 4892],https://www.youtube.com/watch?v=65qAkCcezvo,37K views,1 month ago
Granny 2 is SUPER FUN and SCARY! - Granny Chapter Two FULL GAME,https://www.youtube.com/watch?v=yfEICCN6ogk,65K views,1 month ago
ROCKET BUNNY! - Phasmophobia [LVL 4890],https://www.youtube.com/watch?v=rgpXQp9CZlY,31K views,1 month ago
An AMAZING Slenderman Game! - Slender The Arrival FULL GAME,https://www.youtube.com/watch?v=iW9IZqGUnRE,64K views,1 month ago
They are REWORKING EVERYTHING and it's AMAZING!! - Phasmophobia NEW UPDATE COMING!,https://www.youtube.com/watch?v=wbzYBcSr1ng,229K views,1 month ago
A Game so BAD it became HILARIOUS - Emily wants to Play FULL GAME,https://www.youtube.com/watch?v=N11C9nMkQiE,45K views,1 month ago
Disrespecting Ghost ends in Disaster - Phasmophobia [LVL 4881],https://www.youtube.com/watch?v=DOxUPOmX878,33K views,1 month ago
The End of an INCREDIBLE Game - SCP Containment Breach ALL ENDINGS,https://www.youtube.com/watch?v=dahU3_1O6zo,74K views,1 month ago
This is why I LOVE BANSHEES - Phasmophobia [LVL 4877],https://www.youtube.com/watch?v=Q9e7tKaMK18,59K views,1 month ago
Unexpectedly GREAT Indie Horror Game - Silence Channel FULL GAME,https://www.youtube.com/watch?v=_w_54GgcLkQ,58K views,1 month ago
Getting Trolled by the Ouija board - Phasmophobia [LVL 4875],https://www.youtube.com/watch?v=3HMjpixY5wI,29K views,1 month ago
Even MORE DANGEROUS SCPs! - SCP Containment Breach Part 2,https://www.youtube.com/watch?v=L-7AwAtB2Is,117K views,1 month ago
The Autowalk Challenge is Hilarious - Phasmophobia [LVL 4857],https://www.youtube.com/watch?v=BzZjEibcZbU,36K views,1 month ago
The HARDEST Phasmophobia Challenge I have EVER DONE - [LVL 4900],https://www.youtube.com/watch?v=EK9LItuk40k,99K views,1 month ago
The BEST TRICK in Phasmophobia - [LVL 4854],https://www.youtube.com/watch?v=SwGtXKPSt_Y,42K views,1 month ago
The SCARIEST Game EVER MADE - SCP Containment Breach Part 1,https://www.youtube.com/watch?v=HZ96XFYjVCE,187K views,1 month ago
My 11 Year Old Grandma is CRAZY - Phasmophobia [LVL 4848],https://www.youtube.com/watch?v=0HcVYi5L_VA,31K views,1 month ago
Escaping through the Main Door! - Granny,https://www.youtube.com/watch?v=FhSHnPrluuk,52K views,1 month ago
How you can get EMF 5 in the TRUCK! - Phasmophobia guide [LVL 4863],https://www.youtube.com/watch?v=cCswl5iGB38,96K views,1 month ago
The Public Lobby Experience Part 13 - Phasmophobia,https://www.youtube.com/watch?v=zLHMHO7kG4g,41K views,1 month ago
Developer Q&A: What does the Future of Phasmophobia look like?,https://www.youtube.com/watch?v=61OU-scX0N4,46K views,1 month ago
I'm on Observation Duty 2 IS BACK! - Gameplay and Secret,https://www.youtube.com/watch?v=RCqZDxZluV8,96K views,1 month ago
VR Players are HILARIOUS - Phasmophobia [LVL 4825],https://www.youtube.com/watch?v=AakmC8G7v0s,42K views,1 month ago
Playing SLENDERMAN for the FIRST TIME! - Slender The Eight Pages,https://www.youtube.com/watch?v=pmiG93vE7Bk,80K views,1 month ago
No Sanity Thief Simulator on Willow Street House! - Phasmophobia [LVL 4800],https://www.youtube.com/watch?v=1Nh4e_H3TYI,41K views,1 month ago
THE MOST TERRIFYING GRANDMA - Granny Full Game,https://www.youtube.com/watch?v=NBxTT8o7EcY,108K views,1 month ago
NEW Multiplayer Tricks in Phasmophobia! - [LVL 4787],https://www.youtube.com/watch?v=ghnY8KHWWpM,31K views,1 month ago
Delivering Packages at Night in Japan - Night Delivery Full Game,https://www.youtube.com/watch?v=TnoCBREJpyQ,78K views,1 month ago
INSANE Roaming Ghost on Bleasdale - Phasmophobia [LVL 4789],https://www.youtube.com/watch?v=n9BXdNehkC4,39K views,1 month ago
The Most INTENSE Horror Game EVER - Night of the Consumers,https://www.youtube.com/watch?v=FY5IAIwpomQ,80K views,1 month ago
How to Make a HUMAN TRIPOD - Phasmophobia GLITCH [LVL 4795],https://www.youtube.com/watch?v=ja9J-h0A_O4,25K views,1 month ago
!!HUGE MAN!! IS BACK! - I'm on Observation Duty!,https://www.youtube.com/watch?v=03X5ij0bQnQ,232K views,1 month ago
The Alcoholic Revenant - Phasmophobia [LVL 4534],https://www.youtube.com/watch?v=9shWB1Z8Csc,51K views,1 month ago
The Public Lobby Experience Part 12 - Phasmophobia,https://www.youtube.com/watch?v=AeBMQ_gXWB8,31K views,1 month ago
This Ouija Board Question DOES NOT WORK! - Phasmophobia SCIENCE,https://www.youtube.com/watch?v=ezfAtd6h6P8,28K views,1 month ago
The most Perfectly timed GIGGLE EVER - Phasmophobia [LVL 4505],https://www.youtube.com/watch?v=VoaJhhvlOvg,36K views,1 month ago
How Safe are Lockers and Closets in Phasmophobia? SCIENCE!,https://www.youtube.com/watch?v=GRHoaXQP_dE,63K views,1 month ago
No Evidence Tools Challenge on the NEW MAP! - Phasmophobia [LVL 4700],https://www.youtube.com/watch?v=DqUn_eY2Xso,22K views,1 month ago
This Revenant got DESTROYED - Phasmophobia [LVL 4486],https://www.youtube.com/watch?v=fC7RuekqkkU,33K views,1 month ago
They Finally Fixed the ASYLUM MAP! - Phasmophobia update [LVL 4765],https://www.youtube.com/watch?v=CxjXQapFT0A,37K views,1 month ago
BIG ANNOUNCEMENT FOR PHASMOPHOBIA!,https://www.youtube.com/watch?v=FNNwwJVx5xg,66K views,1 month ago
How to get the MOST MONEY in Phasmophobia,https://www.youtube.com/watch?v=D4aPdIYRK98,68K views,1 month ago
No Sanity Challenge on the NEW MAP! - Phasmophobia Update [LVL 4727],https://www.youtube.com/watch?v=FjyqCvf9d5I,42K views,1 month ago
The Ridgeview Glitch is AMAZING! - Phasmophobia [LVL 4536],https://www.youtube.com/watch?v=6TEgyc9Vpbo,24K views,1 month ago
I Finally Found My Kid - Phasmophobia [LVL 4520],https://www.youtube.com/watch?v=DNc4pfB3VVQ,27K views,1 month ago
My House is HAUNTED - I'm on Observation Duty 3,https://www.youtube.com/watch?v=X-UdJmzrJf4,233K views,1 month ago
Gym Ghosts are a NIGHTMARE - Phasmophobia Update [LVL 4720],https://www.youtube.com/watch?v=xyZJGx5Ff0s,98K views,1 month ago
Phasmophobia CHAOS Edition - [LVL 4476],https://www.youtube.com/watch?v=auyDyTgD26o,17K views,1 month ago
A Totally Normal Game of Phasmophobia in VR...,https://www.youtube.com/watch?v=DzWZBG_ss6I,57K views,1 month ago
This Ghost was EVERYWHERE! - Phasmophobia [LVL 4500],https://www.youtube.com/watch?v=vBx0njySMGc,96K views,1 month ago
Public Lobbies VS NEW MAP! - Phasmophobia Update,https://www.youtube.com/watch?v=WZI99xEKXps,41K views,1 month ago
There is SOMEONE in my HOUSE! - I'm on Observation duty 2!,https://www.youtube.com/watch?v=ehFHkFLpQbk,401K views,1 month ago
Willow Street House HIDING SPOTS GUIDE! - Phasmophobia Update,https://www.youtube.com/watch?v=cbIsJzPTjfQ,61K views,1 month ago
Playing All Maps on the New Phasmophobia Update! [LVL 4630],https://www.youtube.com/watch?v=xw0CTCG8ZN8,94K views,1 month ago
The Hardest Ghost in Phasmophobia Ever - [LVL 4650],https://www.youtube.com/watch?v=j8mlHgTYBag,194K views,1 month ago
Thank You! - Silver Play Button Unboxing,https://www.youtube.com/watch?v=qN69ZS8Nbcw,14K views,1 month ago
The NEW Prison Change is Really NICE! - Phasmophobia new update,https://www.youtube.com/watch?v=ISW6DVrzik0,75K views,1 month ago
The NEW Smudge Sticks ARE REALLY GOOD!! - Phasmophobia update,https://www.youtube.com/watch?v=eD-rKc9QYwo,42K views,1 month ago
My First HANTU on the NEW MAP!! - New Phasmophobia Update,https://www.youtube.com/watch?v=rRYdnTpXvog,225K views,1 month ago
My First YOKAI on the NEW MAP!! - New Phasmophobia Update,https://www.youtube.com/watch?v=-56Nc1kppg8,93K views,1 month ago
Phasmophobia NEW MAP!!! - Willow Street House Gameplay,https://www.youtube.com/watch?v=acmBVLwXCzE,128K views,1 month ago
NEW MAP AND TWO NEW GHOSTS!!! - New Phasmophobia Update,https://www.youtube.com/watch?v=LYyUfBV4p70,60K views,1 month ago
Chat Tells me How to Take Photos - Phasmophobia [LVL 4444],https://www.youtube.com/watch?v=hsyA91XBLRw,15K views,1 month ago
Phasmophobia Demon Guide and Perfect Game [LVL 4368],https://www.youtube.com/watch?v=QyJIeQb09kE,17K views,1 month ago
This Ghost is CRAZY vs SOLO Players - Phasmophobia [LVL 4400],https://www.youtube.com/watch?v=QOIGSQvZmH4,27K views,1 month ago
I'm on Observation Duty! - A Hidden Gem Horror Game!,https://www.youtube.com/watch?v=mmkZ1GkpLH8,474K views,1 month ago
These Two Revenants made me VERY ANGRY - Phasmophobia [LVL 4329],https://www.youtube.com/watch?v=IRNfVEOPl-I,94K views,1 month ago
I'm on the WRONG FLOOR! - Short Horror Game,https://www.youtube.com/watch?v=eTumAjzdB8I,20K views,1 month ago
[BONUS VIDEO] The Most Confusing Speedrun - Find Yourself,https://www.youtube.com/watch?v=zevXBAWvVA4,8.2K views,1 month ago
Phasmophobia in VR! - Solo Professional Games [LVL 4224],https://www.youtube.com/watch?v=sVf9e1FVu-s,23K views,1 month ago
Phasmophobia Wraith Guide and Perfect Game [LVL 4368],https://www.youtube.com/watch?v=1j_6XSRCDlU,20K views,2 months ago
My Part time Job is TERRIFYING - The Convenience Store,https://www.youtube.com/watch?v=XoeA8n739nE,112K views,2 months ago
The Public Lobby Experience Part 11 - Phasmophobia,https://www.youtube.com/watch?v=w6VzTyqINBM,47K views,2 months ago
William Williams is the BEST GHOST - Phasmophobia [LVL 4294],https://www.youtube.com/watch?v=wYNYfnlkKDA,21K views,2 months ago
Phasmophobia IMMERSION Challenge [LVL 4300],https://www.youtube.com/watch?v=TSlU5y22j9Q,37K views,2 months ago
Why Banshees are the Best - Phasmophobia [LVL 4269],https://www.youtube.com/watch?v=JAhGYr0kAgI,32K views,2 months ago
Phasmophobia in VR! - All Maps | All Objectives | Solo Professional [LVL 4224],https://www.youtube.com/watch?v=_aaJa91lBrE,25K views,2 months ago
This Man was a HERO! - Phasmophobia [LVL 4263],https://www.youtube.com/watch?v=CuqLBb6GW9g,22K views,2 months ago
David Davis SUCKS - Phasmophobia [LVL 4202],https://www.youtube.com/watch?v=2a5YO1nywAc,19K views,2 months ago
So Many JUMPSCARES! - Find Yourself Full Game,https://www.youtube.com/watch?v=aUhnXlazNDE,52K views,2 months ago
Smudge Stick Challenge vs William Williams - Phasmophobia [LVL 4200],https://www.youtube.com/watch?v=ABi7yZG-r7I,17K views,2 months ago
The Most Distracted Team EVER - Phasmophobia [LVL 4124],https://www.youtube.com/watch?v=UbQrLUQLAR0,21K views,2 months ago
This Game is Actually TERRIFYING - Locked Up Full Game,https://www.youtube.com/watch?v=7lQuP7Dodts,116K views,2 months ago
The Public Lobby Experience Part 10 - Phasmophobia,https://www.youtube.com/watch?v=g1GW8ldT-4U,59K views,2 months ago
Bringing the Bone OUTSIDE! - Phasmophobia Science [LVL 4197],https://www.youtube.com/watch?v=Ui8bnR6Q4s4,24K views,2 months ago
The Bone can do THIS?? - Phasmophobia Science [LVL 4193],https://www.youtube.com/watch?v=SIRZfiNjpz4,61K views,2 months ago
LUCAS IS THE BEST EVER - Resident Evil 7 FINALE! Part 2 of 2,https://www.youtube.com/watch?v=N6g2toOTryA,7.8K views,2 months ago
Twitch Chat Leads me Through an Abandoned Asylum - Phasmophobia [LVL 4100],https://www.youtube.com/watch?v=2iNP2SHsK0g,20K views,2 months ago
How to make Everyone hate you - Phasmophobia Guide [LVL 4120],https://www.youtube.com/watch?v=-YPchMyQ0O0,26K views,2 months ago
Every Game of Phasmophobia:,https://www.youtube.com/watch?v=jfa3lSAevAE,37K views,2 months ago
How to Recognize a Crazy Person... - Phasmophobia [LVL 4116],https://www.youtube.com/watch?v=FCt6FOdLJ8s,19K views,2 months ago
Is Phasmophobia still scary at level 4000? (Yes),https://www.youtube.com/watch?v=1BmQ1AYkgq8,137K views,2 months ago
The Public Lobby Experience Part 9 - Phasmophobia,https://www.youtube.com/watch?v=1dB5JEY-ZIU,32K views,2 months ago
250.000 Dollars in Phasmophobia - [LVL 4040],https://www.youtube.com/watch?v=qrvebOW9tlo,23K views,2 months ago
This is Why I Love Phasmophobia - [LVL 4021],https://www.youtube.com/watch?v=mT0FYR7w-Jk,82K views,2 months ago
Insyms Terrifying Resident Evil 7 Adventure - Part 1 of 2,https://www.youtube.com/watch?v=jC-AIkgRDNs,17K views,2 months ago
Chasing my Friends with a Knife - Phasmophobia [LVL 4015],https://www.youtube.com/watch?v=I9uIGAZXg0M,17K views,2 months ago
I have Good News and Bad News... - Phasmophobia [LVL 4013],https://www.youtube.com/watch?v=pxgxNU5VHZ8,35K views,2 months ago
SO MANY Solo Professional Runs - Phasmophobia [LVL 4042],https://www.youtube.com/watch?v=x67N2sN7eE8,52K views,2 months ago
Going Underground in Phasmophobia [LVL 4003],https://www.youtube.com/watch?v=hcL7ixqSfWw,34K views,2 months ago
Every Time you try to Relax in Phasmophobia... - [LVL 4001],https://www.youtube.com/watch?v=2pf0D5f1K98,106K views,2 months ago
TWO New Ghost Types are Coming - Phasmophobia Update Preview,https://www.youtube.com/watch?v=H-lz6AvuLuc,101K views,2 months ago
All maps MEGA Challenge - Phasmophobia Level 4000,https://www.youtube.com/watch?v=AHEtSemjGfc,63K views,2 months ago
Making $2500+ in 1 hour! - Phasmophobia How to Make Money Fast,https://www.youtube.com/watch?v=COYLIgrwFps,29K views,2 months ago
"Best Settings, Keybinds and how to fix your Mic in Phasmophobia",https://www.youtube.com/watch?v=xuw02NzfkaQ,20K views,2 months ago
Phasmophobia with a Voice Changer...,https://www.youtube.com/watch?v=3xcCZ3t3r6A,25K views,2 months ago
We Made this Ghost very Happy - Phasmophobia [LVL 3908],https://www.youtube.com/watch?v=a7XhE95UmLI,55K views,2 months ago
Randomizer Against Amazing Ghosts - Phasmophobia [LVL 3949],https://www.youtube.com/watch?v=y81X0xlvK6Y,33K views,2 months ago
This is NOT a Ghost Event! - Phasmophobia Science,https://www.youtube.com/watch?v=fF9MW4MXHnk,23K views,2 months ago
The Phasmophobia Beta Update is now LIVE!,https://www.youtube.com/watch?v=f1kJRUiz52g,36K views,2 months ago
The Most Stupid Thing you can do in Phasmophobia [LVL 3877],https://www.youtube.com/watch?v=WrgZejK60Ig,26K views,2 months ago
Phasmophobia 0 Sanity Challenge on All BIG Maps! [LVL 3942],https://www.youtube.com/watch?v=eHr6coEJOI4,76K views,2 months ago
INSANE Asylum Hallway Ghost - Phasmophobia [LVL 3860],https://www.youtube.com/watch?v=YfVixM9RNvA,40K views,2 months ago
My Favorite Game of 2021 - Resident Evil Village First Playthrough,https://www.youtube.com/watch?v=vInYQl2_1os,31K views,2 months ago
The Most BORING Ghost Ever - Phasmophobia No Evidence [LVL 3900],https://www.youtube.com/watch?v=50mcNKwU_GM,23K views,2 months ago
Perfectly Timed Hunts... - Phasmophobia [LVL 3844],https://www.youtube.com/watch?v=WDRfP9m_Wq8,173K views,2 months ago
Classic Randomizer vs Paul the INSANE Ghost - Phasmophobia [LVL 3871],https://www.youtube.com/watch?v=s--gq4sGp3Q,40K views,2 months ago
My Favorite Ghost that I also HATE - Phasmophobia [LVL 3790],https://www.youtube.com/watch?v=s17PQoergCM,29K views,2 months ago
Phasmophobia 0 Sanity Challenge on All Small Maps! [LVL 3850],https://www.youtube.com/watch?v=XhxFh8e5TbM,177K views,2 months ago
Ridiculous Science on Tanglewood - Phasmophobia [LVL 3843],https://www.youtube.com/watch?v=NWE4IfhEJ8w,29K views,2 months ago
Public Lobbies VS New Update! - Phasmophobia Gameplay,https://www.youtube.com/watch?v=jeOBHcIpcO0,62K views,2 months ago
Best of Phasmophobia: The Compilation,https://www.youtube.com/watch?v=7WqsdcL8NaY,84K views,2 months ago
Aggressive VS Passive Ghosts Experiment - Phasmophobia,https://www.youtube.com/watch?v=QHbVUKyGsuk,52K views,2 months ago
Chain Hunting Revenant on High School... - Phasmophobia [LVL 3759],https://www.youtube.com/watch?v=tud-Dl7Q0-k,45K views,3 months ago
This Guy is TERRIFYING... - Phasmophobia #Shorts,https://www.youtube.com/watch?v=-S4zWsgQHs8,34K views,3 months ago
Chat = Ears Challenge on ALL BIG MAPS! - Phasmophobia [LVL 3800],https://www.youtube.com/watch?v=466yWyzd-do,25K views,3 months ago
The Best Public Lobby Game (until I die) - Phasmophobia [LVL 3810],https://www.youtube.com/watch?v=GW2G6S3FXDY,15K views,3 months ago
Phasmophobia Out of Context... #Shorts,https://www.youtube.com/watch?v=HIzd-ChVz-M,22K views,3 months ago
The LAST Phasmophobia Public Lobby Experience on the OLD PATCH!,https://www.youtube.com/watch?v=TdU2LviR0v4,19K views,3 months ago
Everything Goes Perfect until I Do Science - Phasmophobia [LVL 3809],https://www.youtube.com/watch?v=toayqVxroPk,33K views,3 months ago
A Very Questionable Photo... Phasmophobia #Shorts,https://www.youtube.com/watch?v=9zUPcZI3Rkg,36K views,3 months ago
The Day Phasmophobia was Unplayable (It's already fixed),https://www.youtube.com/watch?v=tMBwHuWarFY,42K views,3 months ago
Taking Questionable Photos and Other Shenanigans - Phasmophobia [LVL 3780],https://www.youtube.com/watch?v=ybE629yYKZo,20K views,3 months ago
Amazing Prison Speedrun! - Phasmophobia,https://www.youtube.com/watch?v=0iG5gS49Hdw,17K views,3 months ago
This Game is ABSOLUTELY TERRIFYING | From the Darkness - Full Game,https://www.youtube.com/watch?v=9URbi1RItHY,59K views,3 months ago
Flawless Plan Against a REVENANT - Phasmophobia [LVL 3726],https://www.youtube.com/watch?v=NL1KxDeZFQM,31K views,3 months ago
How to Make Your Team Hate You in Phasmophobia... #Shorts,https://www.youtube.com/watch?v=IRV1akKRJgw,44K views,3 months ago
All Maps Speedrun on the NEW Update - Phasmophobia [LVL 3751],https://www.youtube.com/watch?v=p8-KFfFm_OA,28K views,3 months ago
No Opening Doors Challenge - Phasmophobia [LVL 3600],https://www.youtube.com/watch?v=0EltgI6u6JY,37K views,3 months ago
Trying not to Laugh During a Hunt... - Phasmophobia #Shorts,https://www.youtube.com/watch?v=MDcv_APUvn8,55K views,3 months ago
Chilling with Ghosts on the NEW Update - Phasmophobia All Maps,https://www.youtube.com/watch?v=mxa6Um8_YYU,59K views,3 months ago
This Run was TURBO CURSED - Phasmophobia [LVL 3580],https://www.youtube.com/watch?v=1RgTyzbR-EI,18K views,3 months ago
When you get Jumpscared in VR... - Phasmophobia #Shorts,https://www.youtube.com/watch?v=jLt7-kk1z0k,29K views,3 months ago
Maps = Items Randomizer Challenge - Phasmophobia [LVL 3560],https://www.youtube.com/watch?v=dWrBq_UStvw,19K views,3 months ago
Phasmophobia: The Musical (This video is very stupid),https://www.youtube.com/watch?v=Ceey4lCEdn0,18K views,3 months ago
The Most Insane thing you can do in Phasmophobia... #Shorts,https://www.youtube.com/watch?v=Jk75HTdDJj8,63K views,3 months ago
No Evidence on All Small Maps on the NEW Update! - Phasmophobia [LVL 3700],https://www.youtube.com/watch?v=0nD__i6XzmE,41K views,3 months ago
A Wonderful Public Lobby Game - Phasmophobia [LVL 3538],https://www.youtube.com/watch?v=qwm3mCCH8ng,10K views,3 months ago
When you Say the Ghost Name in Phasmophobia... #Shorts,https://www.youtube.com/watch?v=ffEy8aFpRw4,51K views,3 months ago
Is the Parabolic Mic BETTER on the NEW Update? - Phasmophobia [LVL 3681],https://www.youtube.com/watch?v=gUxcKrLXwos,34K views,3 months ago
This is the CRAZIEST Trick in the NEW UPDATE - Phasmophobia SCIENCE,https://www.youtube.com/watch?v=3WeH5Wll9hY,43K views,3 months ago
I Accidentally got the Asylum World Record - Phasmophobia Speedrun,https://www.youtube.com/watch?v=GLyI63myU6A,166K views,3 months ago
"Are Large Maps ""UNPLAYABLE"" on the NEW UPDATE? - Phasmophobia [LVL 3683]",https://www.youtube.com/watch?v=PC8_oU9bP7I,60K views,3 months ago
TROLLING in the NEW UPDATE is a HUGE PROBLEM! - Phasmophobia SCIENCE,https://www.youtube.com/watch?v=PajCcsE1smM,39K views,3 months ago
What Happens if You Talk During a Hunt in Phasmophobia? #Shorts,https://www.youtube.com/watch?v=hEYuhXnAaZA,72K views,3 months ago
We are the Brown Jacket Gang! - Phasmophobia [LVL 3510],https://www.youtube.com/watch?v=j7eAiSP9lUc,12K views,3 months ago
Playing ALL MAPS on the NEW UPDATE! - Phasmophobia [LVL 3648],https://www.youtube.com/watch?v=G3uWL-M9wJs,52K views,3 months ago
The Biggest Jumpscare of my Life - Phasmophobia #Shorts,https://www.youtube.com/watch?v=vrZ7H6cOWEE,76K views,3 months ago
Extreme Evidence Elimination Challenge! - Phasmophobia [LVL 3552],https://www.youtube.com/watch?v=h5tWXEEUkLM,20K views,3 months ago
This Team was absolutely INSANE - Phasmophobia Speedrunning [LVL 3514],https://www.youtube.com/watch?v=t8Mp8A0OSEU,25K views,3 months ago
How HARD is the NEW UPDATE Really? - Phasmophobia SCIENCE!,https://www.youtube.com/watch?v=2jTQ2IO4fFU,108K views,3 months ago
The Most Cursed Bear... - Phasmophobia #Shorts,https://www.youtube.com/watch?v=vRLQXfdGL_0,31K views,3 months ago
The Public Lobby Experience #6 - Phasmophobia,https://www.youtube.com/watch?v=KsGwTDK_3fM,28K views,3 months ago
The NEW Phasmophobia Update is FINALLY HERE!,https://www.youtube.com/watch?v=42RlN6IBLvM,75K views,3 months ago
The Hilarious Adventure of Two VR Players - Phasmophobia [LVL 3508],https://www.youtube.com/watch?v=In7HkUG4LTY,9.2K views,3 months ago
I am the Real Ghost in Phasmophobia #Shorts,https://www.youtube.com/watch?v=xa5H0i513q4,39K views,3 months ago
Extreme Shelf Randomizer! - Phasmophobia [LVL 3500],https://www.youtube.com/watch?v=741IUDZCo3E,19K views,3 months ago
This Ghost was SPEEDRUNNING! - Phasmophobia [LVL 3472],https://www.youtube.com/watch?v=2-edXexdbAc,18K views,3 months ago
How to Troll VR Players in Phasmophobia - #Shorts,https://www.youtube.com/watch?v=A2uXrMOhi1E,30K views,3 months ago
SOLO WIN on the NEW Asylum map! - Devour New Update Gameplay,https://www.youtube.com/watch?v=-NFrIU5yICc,37K views,3 months ago
This Ghost Drove me ABSOLUTELY INSANE! - Phasmophobia [LVL 3460],https://www.youtube.com/watch?v=DCixHfo_ty0,43K views,3 months ago
Dying in the Worst way possible in Phasmophobia... #Shorts,https://www.youtube.com/watch?v=__KLnEPZdlE,18K views,3 months ago
The NEW Asylum Map is HERE! - Devour New Update Gameplay,https://www.youtube.com/watch?v=9-mdVx2FAgM,40K views,3 months ago
Super Fast High School Perfect Speedrun! - Phasmophobia [LVL 3412],https://www.youtube.com/watch?v=V8-gcCBpmII,16K views,3 months ago
I Broke Phasmophobia so Hard it Killed me... #Shorts,https://www.youtube.com/watch?v=pg_ggUs9kfk,32K views,3 months ago
Looping for the VERY LAST TIME before the new Update! - Phasmophobia [LVL 3450],https://www.youtube.com/watch?v=oELGEf7jgfo,30K views,3 months ago
I Died Taking this Photo... - Phasmophobia #Shorts,https://www.youtube.com/watch?v=-PmESZHrMOc,56K views,3 months ago
This Game ALMOST KILLED ME! - Visage,https://www.youtube.com/watch?v=5VxjaC-FMaQ,52K views,3 months ago
This Ghost was EXTREMELY BROKEN - Phasmophobia [LVL 3414],https://www.youtube.com/watch?v=EhXvyrRIb98,34K views,3 months ago
INSANE VR Speedrun! - Phasmophobia Speedrunning,https://www.youtube.com/watch?v=pqvQ8IJ2Oo8,23K views,3 months ago
What Happens when a Phasmophobia Pro plays on AMATEUR?,https://www.youtube.com/watch?v=5rO2QyckGSw,140K views,3 months ago
The Public Lobby Experience #5 - Phasmophobia,https://www.youtube.com/watch?v=HUaqcsdSL6c,30K views,3 months ago
Aggressive Bleasdale Attic Ghost vs Professional Team - Phasmophobia [LVL 3378],https://www.youtube.com/watch?v=WBzyb1GJmdE,22K views,3 months ago
No Evidence with a Professional Team! - Phasmophobia [LVL 3400],https://www.youtube.com/watch?v=iuQP-Zdsh1U,25K views,3 months ago
Getting Stuck in the Walls of Asylum - Phasmophobia [LVL 3367],https://www.youtube.com/watch?v=GzfRC_EAckg,8.7K views,3 months ago
RETURN of the Floor is LAVA Challenge! - Phasmophobia [LVL 3348],https://www.youtube.com/watch?v=Incoaxmt8F4,17K views,3 months ago
I Stab my Friend in Phasmophobia [LVL 3365],https://www.youtube.com/watch?v=2Q5Q8Ji0pDg,19K views,3 months ago
Ghost Room Randomizer Challenge! - Phasmophobia [LVL 3341],https://www.youtube.com/watch?v=h0q8euuEQrM,33K views,3 months ago
No Evidence Challenge in VR on ASYLUM! - Phasmophobia [LVL 3333],https://www.youtube.com/watch?v=LKOLJADpHsQ,12K views,3 months ago
The Public Lobby Experience #4 - Phasmophobia,https://www.youtube.com/watch?v=ue6i0H6OSwc,24K views,3 months ago
"How the ""Repel the Ghost"" Objective Works! (It's EASY!) - Phasmophobia [LVL 3402]",https://www.youtube.com/watch?v=jGmRf5TDPzk,14K views,3 months ago
Phasmophobia: All Maps | All Objectives | Solo VR - (This is TERRIFYING),https://www.youtube.com/watch?v=eNXqCh45ALY,117K views,3 months ago
Locked in Prison with a GHOST! - Phasmophobia [LVL 3346],https://www.youtube.com/watch?v=NIpK1AdGowI,14K views,3 months ago
P.T. is the Scariest Game I Ever Played!,https://www.youtube.com/watch?v=rK_GVFhYNic,80K views,3 months ago
This Hiding Spot is DANGEROUS! - Phasmophobia [LVL 3306],https://www.youtube.com/watch?v=yuL61i0TsGE,25K views,3 months ago
Freezing VS Non-Freezing Ghosts Behavior - Phasmophobia [LVL 3300],https://www.youtube.com/watch?v=3AA0w7bKrUQ,21K views,3 months ago
Age Randomizer! - Phasmophobia [LVL 3310],https://www.youtube.com/watch?v=X8WPqiyibdI,16K views,3 months ago
Simulacra 2 GOOD ENDING! | Full Game - Best Ending,https://www.youtube.com/watch?v=O-_2qYJ0JMs,16K views,3 months ago
I GOT ASSASSINATED - Phasmophobia [LVL 3293],https://www.youtube.com/watch?v=uH3khgVOm3Y,29K views,3 months ago
The Public Lobby Experience #3 - Phasmophobia,https://www.youtube.com/watch?v=y9S_wUhzd0s,31K views,3 months ago
Thomas Wilson goes to High School - Phasmophobia [LVL 3287],https://www.youtube.com/watch?v=UywoH50aNs4,15K views,3 months ago
The Floor is LAVA! - Phasmophobia [LVL 3249],https://www.youtube.com/watch?v=px1aWLALWE0,33K views,3 months ago
How (NOT) to take a Revenant Photo - Phasmophobia [LVL 3278],https://www.youtube.com/watch?v=HBEzd7eq9_Q,22K views,4 months ago
All Small Maps Perfect Run! - Phasmophobia [LVL 3237],https://www.youtube.com/watch?v=cbYvgqzbTaA,23K views,4 months ago
Ghost gives me the Warmest Welcome - Phasmophobia [LVL 3229],https://www.youtube.com/watch?v=F8VIFcFsAlA,33K views,4 months ago
My Phone is HAUNTED | Simulacra 2 - Full Game,https://www.youtube.com/watch?v=P9h6Z8MQN_U,27K views,4 months ago
Why I LOVE Banshees - Phasmophobia [LVL 3233],https://www.youtube.com/watch?v=FtQdHLMtVQs,38K views,4 months ago
The Public Lobby Experience #2 - Phasmophobia,https://www.youtube.com/watch?v=7NC04QzSvz8,90K views,4 months ago
Ghost Decides my Items Challenge is AMAZING! - Phasmophobia [LVL 3224],https://www.youtube.com/watch?v=VKe58DLqFBs,25K views,4 months ago
The Alphabet Challenge! - Phasmophobia [LVL 3211],https://www.youtube.com/watch?v=onLR0F_9YdQ,29K views,4 months ago
Locked in the Asylum! - Phasmophobia [LVL 3225],https://www.youtube.com/watch?v=CoyWyhu6KkI,18K views,4 months ago
No Evidence is so much Fun! - Phasmophobia [LVL 3200],https://www.youtube.com/watch?v=zFvOBstCjN4,31K views,4 months ago
INSANE Tanglewood Grandma - Phasmophobia [LVL 3221],https://www.youtube.com/watch?v=0uZGYNAsk8o,21K views,4 months ago
Making as Much Money as Possible! - Phasmophobia LVL 3200,https://www.youtube.com/watch?v=EjzjmZU2Gh4,20K views,4 months ago
Insym Reacts to Phasmophobia Parody by Door Monster,https://www.youtube.com/watch?v=d_RrfZK48EM,49K views,4 months ago
Ghost Decides my Items! - Phasmophobia LVL 3125,https://www.youtube.com/watch?v=_MZgshws1K4,20K views,4 months ago
NEW Optional Objectives Challenge! - Phasmophobia LVL 3128,https://www.youtube.com/watch?v=BxJbc7QBA8Q,18K views,4 months ago
Loop Randomizer before Looping is Removed! - Phasmophobia LVL 3102,https://www.youtube.com/watch?v=JOElKlTGY6Q,15K views,4 months ago
Achievements for Phasmophobia?,https://www.youtube.com/watch?v=2FIuzM2hrBg,13K views,4 months ago
The Phasmophobia Streaming Experience - LVL 3069,https://www.youtube.com/watch?v=IgpbjChGJ0Y,43K views,4 months ago
The CREEPIEST Ghost in Phasmophobia - LVL 3093,https://www.youtube.com/watch?v=SRVUWllAP_Y,76K views,4 months ago
666 Hours Of Phasmophohia! - LVL 3100,https://www.youtube.com/watch?v=nji4_EVLKHs,21K views,4 months ago
New Phasmophobia Update & Photo Quality System Explained!,https://www.youtube.com/watch?v=MlEHGbZE_lw,19K views,4 months ago
Asylum Hallway Ghosts are HELL - Phasmophobia LVL 3086,https://www.youtube.com/watch?v=439FdkBpkAQ,30K views,4 months ago
The IMPOSSIBLE Tanglewood Ghost - Phasmophobia LVL 3091,https://www.youtube.com/watch?v=jv5XtLfzkwo,145K views,4 months ago
The Phasmophobia Public Lobby Experience - LVL 3013,https://www.youtube.com/watch?v=Jw081Wj49LA,61K views,4 months ago
How Professional Players Die in Phasmophobia PART 2 - LVL 3073,https://www.youtube.com/watch?v=jhenwf-CeM4,30K views,4 months ago
LEVEL 3000 SPECIAL: All Maps Challenge Run! - Phasmophobia,https://www.youtube.com/watch?v=i-TKf3sHvnA,54K views,4 months ago
DEVOUR NIGHTMARE MODE WIN!,https://www.youtube.com/watch?v=89zAJbX7zJo,18K views,4 months ago
High Level Experience Grinding - LVL 2968 Phasmophobia,https://www.youtube.com/watch?v=0fZdV-bR6oc,29K views,4 months ago
How to Protect your Friends on ASYLUM! - LVL 2960 Phasmophobia,https://www.youtube.com/watch?v=4mOvkySVFIc,11K views,4 months ago
Devour HARD MODE Single Player WIN!,https://www.youtube.com/watch?v=V874QVL4IC4,21K views,4 months ago
Phasmophobia No Evidence MARATHON! - LVL 2962,https://www.youtube.com/watch?v=Es6bsNzBaiI,28K views,4 months ago
Phasmophobia BEER RANDOMIZER - LVL 2945,https://www.youtube.com/watch?v=bbOh5YmdHWw,18K views,4 months ago
Faster Ghosts are Coming SOON! - Phasmophobia Roadmap,https://www.youtube.com/watch?v=il9gMdnFnv4,49K views,4 months ago
How Many Ghosts can you find in 1 hour? - LVL 2949 Phasmophobia,https://www.youtube.com/watch?v=6a5w-N5Hbvc,61K views,4 months ago
Using Only Salt and a Photo Camera! - LVL 2900 Phasmophobia,https://www.youtube.com/watch?v=9CHJGE8BXgU,12K views,4 months ago
Updated Shelf Randomizer! - LVL 2862 Phasmophobia,https://www.youtube.com/watch?v=BL-pUmhfw-8,28K views,4 months ago
Can't Open Doors Challenge is AMAZING - LVL 2874 Phasmophobia,https://www.youtube.com/watch?v=95mOHRIQuzs,35K views,4 months ago
How Professional Players Die in Phasmophobia - LVL 2866,https://www.youtube.com/watch?v=hAVPERGU9Wo,88K views,4 months ago
The Best Item in Phasmophobia! - LVL 2877,https://www.youtube.com/watch?v=jMeJVOMcTn8,16K views,4 months ago
Another HUGE Update for Phasmophobia - Patch Notes v0.27,https://www.youtube.com/watch?v=TVphitFk_4E,34K views,4 months ago
Haunted Asylum Found Footage Film - LVL 2859 Phasmophobia,https://www.youtube.com/watch?v=q7GAihJO1Vc,16K views,4 months ago
Devour Single player WIN!,https://www.youtube.com/watch?v=WW9TOWZF_T0,19K views,4 months ago
Taking 3 New Players to Professional Asylum - LVL 2809 Phasmophobia,https://www.youtube.com/watch?v=J1a76xLn8QY,16K views,4 months ago
Devour Single Player is HARD,https://www.youtube.com/watch?v=24i17BA7YtU,14K views,4 months ago
Bleasdale Attic Ghost makes my Life IMPOSSIBLE - LVL 2858 Phasmophobia,https://www.youtube.com/watch?v=l7AQURM8PPQ,21K views,4 months ago
Superliminal Speedrun in 30 Minutes,https://www.youtube.com/watch?v=_bLaLSWs-jY,6.6K views,4 months ago
Phasmophobia: All Maps | All Objectives | Solo Professional,https://www.youtube.com/watch?v=7r7BF_YMLfM,72K views,4 months ago
The Big Brain Challenge - LVL 2848 Phasmophobia,https://www.youtube.com/watch?v=BNKlxfKIB5s,19K views,4 months ago
Looping in Public Lobbies is Hilarious - LVL 2830 Phasmophobia,https://www.youtube.com/watch?v=PNLrdEsy5ys,18K views,4 months ago
Candle Only versus Impostor Ghost - LVL 2800 Phasmophobia,https://www.youtube.com/watch?v=UXsZRx6f0rg,28K views,4 months ago
Hilarious Spelling Error in Phasmophobia - LVL 2807,https://www.youtube.com/watch?v=6uXBR_GAwK8,16K views,4 months ago
This Game is a Masterpiece | Superliminal - Full Game,https://www.youtube.com/watch?v=nPGkGJrOvpQ,9.2K views,4 months ago
Ghosts aren't Real Challenge - LVL 2795 Phasmophobia,https://www.youtube.com/watch?v=nI7TaQIfYec,44K views,4 months ago
New Horror Game DEVOUR is Surprisingly Good! | Devour Gameplay,https://www.youtube.com/watch?v=taOXyCQCbvs,33K views,4 months ago
Why is Michael Jackson in Prison?! - LVL 2805 Phasmophobia,https://www.youtube.com/watch?v=sOzYBtJ-z8Y,20K views,4 months ago
MORE Thief Simulator in Phasmophobia! - LVL 2791,https://www.youtube.com/watch?v=oGoXQZxqlAo,17K views,4 months ago
How to Get Rid of Revenants - LVL 2787 Phasmophobia,https://www.youtube.com/watch?v=byXWjObNOMg,32K views,4 months ago
Playing Phasmophobia with a Controller! - LVL 2765,https://www.youtube.com/watch?v=YRZyb_vxGqY,13K views,4 months ago
Shelf Randomizer Challenge! - LVL 2775 Phasmophobia,https://www.youtube.com/watch?v=a1ukQbbMeFM,17K views,4 months ago
My Phone is CURSED | Simulacra (Full Game),https://www.youtube.com/watch?v=sgOOzTU2Vh4,73K views,4 months ago
The Michael Jackson Challenge - LVL 2755 Phasmophobia,https://www.youtube.com/watch?v=3cVwwximXWo,16K views,4 months ago
Thief Simulator in Phasmophobia - LVL 2749,https://www.youtube.com/watch?v=iBqnbRW7iUs,23K views,4 months ago
Why I LOVE the Ouija Board in Phasmophobia - LVL 2757,https://www.youtube.com/watch?v=jOZ_qisaOVE,24K views,5 months ago
The BIG UPDATE for PHASMOPHOBIA is FINALLY HERE!,https://www.youtube.com/watch?v=lm4Z-x41C6E,80K views,5 months ago
NEW TV TRICK! - LVL 2751 Phasmophobia,https://www.youtube.com/watch?v=ODBWAQ8_xhE,43K views,5 months ago
INSTANT HUNT in VR! - LVL 2736 Phasmophobia,https://www.youtube.com/watch?v=RAnITuDjWVk,26K views,5 months ago
SUPER WEIRD Trick in Phasmophobia - LVL 2763,https://www.youtube.com/watch?v=OgVtwwbnPAo,11K views,5 months ago
What is the MAX MONEY Possible in Phasmophobia? - LVL 2729,https://www.youtube.com/watch?v=0RnwBADc75w,21K views,5 months ago
The Same Ghost Twice in a Row?? - LVL 2701 Phasmophobia,https://www.youtube.com/watch?v=IPetLaI1Zm8,12K views,5 months ago
Solo Asylum is EASY: SO MANY PHOTOS - LVL 2700 Phasmophobia,https://www.youtube.com/watch?v=x3ab7PnxNfQ,11K views,5 months ago
Protecting my Team... - LVL 2693 Phasmophobia,https://www.youtube.com/watch?v=h61FYFkOBg4,12K views,5 months ago
This is my NEW FAVORITE Challenge! - LVL 2685 Phasmophobia,https://www.youtube.com/watch?v=V4KJ3r4yyyU,23K views,5 months ago
Optional Objective Item Challenge! - LVL 2683 Phasmophobia,https://www.youtube.com/watch?v=ul5L2zsNdVM,16K views,5 months ago
GIGGLE RANDOMIZER! - LVL 2678 Phasmophobia,https://www.youtube.com/watch?v=mKUuO7iX0DQ,23K views,5 months ago
Absolutely HILARIOUS Prison Game - LVL 2674 Phasmophobia,https://www.youtube.com/watch?v=EHbrWWrhCsA,23K views,5 months ago
RIP Fun Bugs in Phasmophobia - Patch Notes v0.26.7.8,https://www.youtube.com/watch?v=WGSbJxtOuN4,13K views,5 months ago
Little Nightmares 2 ENDING is INCREDIBLE! - Normal Ending AND Secret Ending,https://www.youtube.com/watch?v=I3g1ZxCfrMc,4.6K views,5 months ago
No Hunt Detection AND No Evidence Challenge! - LVL 2604 Phasmophobia Ft. Psycho,https://www.youtube.com/watch?v=hcFQMccRsJs,20K views,5 months ago
TV MAN IS TERRIFYING - Little Nightmares 2 - Part 4,https://www.youtube.com/watch?v=djsOXwRBzBE,5.5K views,5 months ago
Dangerous Science - LVL 2634 Phasmophobia,https://www.youtube.com/watch?v=PIpE1-m57hk,17K views,5 months ago
FINGERPRINTS on the KEYBOARDS in Prison?? - LVL 2637 Phasmophobia,https://www.youtube.com/watch?v=u-UQTJCWZrk,27K views,5 months ago
Forbidden Room Challenge Ft. Psycho - LVL 2603 Phasmophobia,https://www.youtube.com/watch?v=5Z_596geksY,20K views,5 months ago
This Prison Book is Cursed - LVL 2619 Phasmophobia,https://www.youtube.com/watch?v=_rZgGhQ3G8o,14K views,5 months ago
This Ghost got CLOWNED - LVL 2600 Phasmophobia,https://www.youtube.com/watch?v=yONsvgwre8c,12K views,5 months ago
They Finally Fixed BONE SPAWNING! - Phasmophobia Patch Notes v0.26.7.2,https://www.youtube.com/watch?v=5x4uSsD6mEo,13K views,5 months ago
THIS GAME IS INSANE - Little Nightmares 2 - Part 3,https://www.youtube.com/watch?v=eUm_r5VF8DE,7.8K views,5 months ago
Grafton Ghosts are TERRIFYING - LVL 2615 Phasmophobia,https://www.youtube.com/watch?v=rSotGbn3tg0,19K views,5 months ago
FLYING SPOON ATTACK - Little Nightmares 2 - Part 2,https://www.youtube.com/watch?v=lGtqs_cSFwQ,9.7K views,5 months ago
HUNT RANDOMIZER IS EPIC! - LVL 2577 Phasmophobia,https://www.youtube.com/watch?v=oDWe5aE3U0Y,29K views,5 months ago
Asylum Loading and FPS Optimisations!! - Phasmophobia Patch Notes v0.26.7,https://www.youtube.com/watch?v=50eNbkuNa7w,12K views,5 months ago
Little nightmares 2 IS AMAZING! - NEW GAME SERIES! - #1,https://www.youtube.com/watch?v=DGRRPmC9Oj8,11K views,5 months ago
Insane GRANDMA ATTACKS in Phasmophobia - LVL 2552,https://www.youtube.com/watch?v=MrcAO5yZkdQ,35K views,5 months ago
This Ghost got Destroyed ft. PsychoHypnotic! - LVL 2469 Phasmophobia,https://www.youtube.com/watch?v=gHF077fYo4M,20K views,5 months ago
INSTANT HUNT turns into Romantic Dinner - LVL 2544 Phasmophobia,https://www.youtube.com/watch?v=WwNI6pmgZhI,37K views,5 months ago
"Best Spirit Box Question: ""Are you French?"" - LVL 2477 Phasmophobia",https://www.youtube.com/watch?v=mphjQLuBSZo,23K views,5 months ago
Mares vs Demons in Phasmophobia - LVL 2500 Special!,https://www.youtube.com/watch?v=-88TjiHRrY0,25K views,5 months ago
MOST IMPOSSIBLE GHOST IN PHASMOPHOBIA - LVL 2437,https://www.youtube.com/watch?v=gNTqWsaLafc,79K views,5 months ago
They FINALLY Removed the TANGLEWOOD SCREAM! - Phasmophobia Patch Notes v0.26.6,https://www.youtube.com/watch?v=9k-yYW6YL0k,24K views,5 months ago
Finding the Ghost type with almost NOTHING! - LVL 2401 Phasmophobia,https://www.youtube.com/watch?v=XizlBqM3vJ0,31K views,5 months ago
Banshees are EVEN MORE DANGEROUS now - Phasmophobia Patch Notes v0.26.5,https://www.youtube.com/watch?v=bNYxLIv7XKs,31K views,5 months ago
The ORIGINAL Tanglewood Ghost! - LVL 2420 Phasmophobia,https://www.youtube.com/watch?v=D_jwsExeBao,54K views,5 months ago
Only YOU can hear the Ghost (I can't)! - LVL 2400 Phasmophobia Special,https://www.youtube.com/watch?v=Fw4QJg-RJSw,23K views,5 months ago
At Dead of Night: THE ENDING!,https://www.youtube.com/watch?v=ZsNvXBbZIQM,30K views,5 months ago
Amazing Names in Phasmophobia: JOHN JOHNSON - Lvl 2397,https://www.youtube.com/watch?v=hWddp1eTLhM,21K views,5 months ago
At Dead of Night is INTENSE - #6,https://www.youtube.com/watch?v=_hIRRPkvd2Y,30K views,5 months ago
Playing Phasmophobia for Charity! - Official Phasmophobia Charity Stream!,https://www.youtube.com/watch?v=fRDEV8OTvHE,16K views,5 months ago
At Dead of Night gets Better and Better! - #5,https://www.youtube.com/watch?v=C9ZSFYbeYic,25K views,5 months ago
Teaching Tricks while TERRIFIED - LVL 2288 Phasmophobia,https://www.youtube.com/watch?v=49kmITRlgus,39K views,5 months ago
THIS GAME IS INSANE - At Dead of Night #4,https://www.youtube.com/watch?v=N3UG0zabWdg,26K views,5 months ago
Gambling with Ghosts turns AGGRESSIVE! - LVL 2276 Phasmophobia,https://www.youtube.com/watch?v=zcy9M-qs93M,39K views,5 months ago
This Hotel is TERRIFYING - At Dead of Night #3,https://www.youtube.com/watch?v=cxl8C3fRTYM,37K views,5 months ago
How the NEW EMF 5 works in Phasmophobia! - LVL 2449,https://www.youtube.com/watch?v=Jn_q6ua6Y2s,77K views,5 months ago
Ghosts now Leave FINGERPRINTS DURING HUNTS! - Phasmophobia Patch Notes v0.26.4.3,https://www.youtube.com/watch?v=9es4--FN3xk,24K views,5 months ago
Jimmy is CRAZY - At Dead of Night #2,https://www.youtube.com/watch?v=NMoxCv5yCGw,38K views,5 months ago
Playing Phasmophobia with an ACTUAL DEMON - LVL 2252,https://www.youtube.com/watch?v=1-OULfegZ6Q,30K views,5 months ago
They (partly) Fixed Bleasdale Attic Ghosts!! - Phasmophobia Patch Notes v0.26.4.2,https://www.youtube.com/watch?v=ZZRjHK-gk54,25K views,5 months ago
This New Horror Game is AMAZING! - At Dead of Night #1,https://www.youtube.com/watch?v=e00tvETrDs4,69K views,5 months ago
Terrifying Prison Challenge goes Wrong - LVL 2222 Phasmophobia,https://www.youtube.com/watch?v=lrfVjIKDqUk,32K views,5 months ago
Dying Gives a Sanity Drop now! - Phasmophobia Patch Notes v0.26.4.1,https://www.youtube.com/watch?v=tYHsBoXwfdA,16K views,5 months ago
Accidentally Outplaying a REVENANT - LVL 2210 Phasmophobia,https://www.youtube.com/watch?v=ec3tiivctvI,23K views,5 months ago
They Fixed Ghost Events! - Phasmophobia Patch Notes v0.26.4,https://www.youtube.com/watch?v=jLECPj_zNRs,17K views,5 months ago
This Phasmophobia Challenge is INSANE - LVL 2200,https://www.youtube.com/watch?v=pPnTt6u-GMU,60K views,5 months ago
Average Sanity Chart! - Phasmophobia Patch Notes v0.26.3,https://www.youtube.com/watch?v=DhLa5WWNiEA,33K views,5 months ago
I NEED MY PHASMOPHOBIA ADRENALINE FIX - LVL 2193,https://www.youtube.com/watch?v=M2VAqULH8to,29K views,6 months ago
Taking Children to the Asylum! - LVL 2191 Phasmophobia,https://www.youtube.com/watch?v=QnEn9sPDSk4,24K views,6 months ago
Watching People Fight a Revenant in Phasmophobia - LVL 2174,https://www.youtube.com/watch?v=dKYriAi-e2o,164K views,6 months ago
EMF NOW FLASHES DURING HUNTS! - Phasmophobia Patch Notes v0.26.2,https://www.youtube.com/watch?v=FwTcq1-qV4w,38K views,6 months ago
THIS GHOST MADE ME ANGRY - LVL 2174 Phasmophobia,https://www.youtube.com/watch?v=GiyiurMNwr0,33K views,6 months ago
EVERY MAP using only STARTER ITEMS - LVL 2156 Phasmophobia,https://www.youtube.com/watch?v=nKLP1HCGoOc,96K views,6 months ago
How do Banshees work on the new Patch? - LVL 2264 Phasmophobia,https://www.youtube.com/watch?v=a9OWMS4aJYY,32K views,6 months ago
They Fixed FOOTPRINT PHOTOS! - Phasmophobia Patch Notes v0.26,https://www.youtube.com/watch?v=EFIjZum95H0,22K views,6 months ago
NEW Ghost AI DESTROYS my Entire Team - LVL 2254 Phasmophobia,https://www.youtube.com/watch?v=9Fy2iY1rkms,142K views,6 months ago
NEVER Enter the House Challenge! (This is RIDICULOUS) - LVL 2166 Phasmophobia,https://www.youtube.com/watch?v=YvVf-fVyVUU,481K views,6 months ago
Breaking Phasmophobia with Tripods - LVL 2150,https://www.youtube.com/watch?v=XBAqiH5-QjU,28K views,6 months ago
AWESOME GHOST AI UPDATE! - Phasmophobia Patch Notes v0.25.9.7,https://www.youtube.com/watch?v=r3-mYnO6MIw,44K views,6 months ago
Phasmophobia Starter Item Only Marathon! - LVL 2137,https://www.youtube.com/watch?v=45sC5S8EQEA,24K views,6 months ago
Ghost Name Vowel Challenge is AWESOME! - LVL 2141 Phasmophobia,https://www.youtube.com/watch?v=shg2OiACE6c,68K views,6 months ago
EXTREME Evidence Elimination is INSANE - LVL 2125 Phasmophobia,https://www.youtube.com/watch?v=fL5uqGQJW-c,61K views,6 months ago
They FIXED THE EXPERIENCE!!!!! - Phasmophobia Patch Notes v0.25.9.5,https://www.youtube.com/watch?v=i0uxfFLUNLY,22K views,6 months ago
Building a Castle in Phasmophobia VR - Level 2112,https://www.youtube.com/watch?v=EpsqD9xX2e8,27K views,6 months ago
More Quality of Life Changes and Bug Fixes - Phasmophobia Patch notes v0.25.9.4,https://www.youtube.com/watch?v=UE-bL6JsndM,20K views,6 months ago
No Sound Challenge! - LVL 2108 Phasmophobia,https://www.youtube.com/watch?v=DYimiF_Kj64,20K views,6 months ago
Phasmophobia Photo Randomizer! - Level 2100 Special,https://www.youtube.com/watch?v=qpIxGmN_A74,21K views,6 months ago
Phasmophobia 2077: Next Gen Graphics,https://www.youtube.com/watch?v=36sS_RMQl9o,39K views,6 months ago
No Evidence: This Ghost was HACKING - LVL 2090 Phasmophobia,https://www.youtube.com/watch?v=Yo2lmBymISQ,42K views,6 months ago
Skyrim NPC vs Phasmophobia - Level 2064,https://www.youtube.com/watch?v=xNC2MsbODDA,25K views,6 months ago
Evidence Elimination Challenge is AWESOME! - LVL 2015 Phasmophobia,https://www.youtube.com/watch?v=Rzl9-swv4I4,72K views,6 months ago
The Parabolic Microphone is ALMOST GOOD! - LVL 2104 Phasmophobia,https://www.youtube.com/watch?v=NW-jyG7mHe4,25K views,6 months ago
The Deadliest Science in Phasmophobia - LVL 2012,https://www.youtube.com/watch?v=wRzMJisQ4l0,27K views,6 months ago
Solo Professional Asylum in VR - Level 2000 Phasmophobia Special,https://www.youtube.com/watch?v=jd4QnfB5mLs,40K views,6 months ago
Amazing Quality of life changes and a Paramic Buff - Phasmophobia Patch Notes 0.25.7,https://www.youtube.com/watch?v=EVREn3ZSFPM,39K views,6 months ago
Phasmophobia Science Time with Nancy - LVL 2010,https://www.youtube.com/watch?v=ToxsdF9giag,26K views,6 months ago
When Your Very Hard Challenge is Super Easy... - LVL 1900 Phasmophobia,https://www.youtube.com/watch?v=z4ysaIRKblI,20K views,6 months ago
My Favorite Phasmophobia Game Ever - LVL 1830,https://www.youtube.com/watch?v=gCGhjb8eUzo,60K views,6 months ago
Is the New Parabolic Microphone Useful? - LVL 2030 Phasmophobia,https://www.youtube.com/watch?v=Kuy_LvXfP4M,31K views,6 months ago
They Removed Twerking... - Phasmophobia Patch Notes v0.25.6,https://www.youtube.com/watch?v=KQ9RMZeRDtc,29K views,6 months ago
Turning on All the Lights in Phasmophobia - LVL 1817,https://www.youtube.com/watch?v=JBG6sHsCGaw,23K views,6 months ago
EVEN MORE Screaming in the dark! - LVL 1800 special Phasmophobia,https://www.youtube.com/watch?v=hDPEmGGlqIg,34K views,6 months ago
The Parabolic Microphone Works Now!? - Phasmophobia Patch Notes v0.25.5,https://www.youtube.com/watch?v=2-ilNMvAS9E,31K views,6 months ago
What is Wrong With the Parabolic Microphone? - LVL 2008 Phasmophobia,https://www.youtube.com/watch?v=kklEiI9bZP0,28K views,6 months ago
Being EVIL for a Ghost Photo - LVL 1787 Phasmophobia,https://www.youtube.com/watch?v=nY-MsGXQ2Mw,35K views,6 months ago
I hear SCREAMING in the Distance! - LVL 1799 Phasmophobia Asylum,https://www.youtube.com/watch?v=CcDwAj_djz8,54K views,6 months ago
Magic Bottles and Insane Ghosts: A Normal Day in Phasmophobia - LVL 1729,https://www.youtube.com/watch?v=ICMqjke3WEM,35K views,6 months ago
The Hardest Phasmophobia Update - v0.25.3 Patch Notes,https://www.youtube.com/watch?v=UdMRWy6u2f8,53K views,6 months ago
Is the Parabolic Microphone Good Now?? - New Phasmophobia Update Testing,https://www.youtube.com/watch?v=PCcIMiawukk,42K views,6 months ago
Hallway Ghosts are a NIGHTMARE - LVL 1889 Phasmophobia,https://www.youtube.com/watch?v=CBGa1yu1IJ8,48K views,6 months ago
MASSIVE Paramic Buffs! - New Phasmophobia Update - v0.25.2,https://www.youtube.com/watch?v=wdP-ZCaxEVs,31K views,6 months ago
Is the Thermometer Dead? - New Phasmophobia Update Testing,https://www.youtube.com/watch?v=0SMIo2Q6hHg,46K views,6 months ago
The New Phasmophobia Ghost AI is AWESOME! (but a bit buggy),https://www.youtube.com/watch?v=R9aR2s77gtc,77K views,6 months ago
EVEN MORE Thermometer Nerfs - v0.25.1 Phasmophobia Patch notes,https://www.youtube.com/watch?v=4ldwjO8_5BA,46K views,6 months ago
No Hiding Challenge vs REVENANT - LVL 1711 Phasmophobia,https://www.youtube.com/watch?v=SAWa1ycuTiE,107K views,6 months ago
How DOOMED are we in Phasmophobia? - New Update Testing - LVL 1902,https://www.youtube.com/watch?v=OYLPX4r13JI,112K views,6 months ago
New Phasmophobia Update: MASSIVE Thermometer Changes! - v0.25 Patch Notes,https://www.youtube.com/watch?v=O6isPbCKpog,72K views,6 months ago
Level 1700 Special: Epic Prison Challenge in Phasmophobia!,https://www.youtube.com/watch?v=I3J51U-zFBo,30K views,6 months ago
Facing the STRONGEST Ghost HEAD ON - LVL 1709 Phasmophobia,https://www.youtube.com/watch?v=QGAJA7FjJNo,104K views,6 months ago
Finishing All Maps in Phasmophobia in 45 minutes! - LVL 1878,https://www.youtube.com/watch?v=IrMpghp-LBQ,59K views,6 months ago
Another AMAZING New Update For Phasmophobia! - v0.24 Patch Notes,https://www.youtube.com/watch?v=1M1ZjR-FMZ8,74K views,6 months ago
WHAT IS HE LOOKING AT?! - Level 1695 Phasmophobia,https://www.youtube.com/watch?v=-pmITrI7xa0,18K views,6 months ago
Lockers and Closets in the NEW Phasmophobia Update! - LVL 1862,https://www.youtube.com/watch?v=7wRT436spTo,35K views,6 months ago
Flying Bear Giggles in my Face - Level 1692 Phasmophobia,https://www.youtube.com/watch?v=yFL7ZkfMk2s,38K views,6 months ago
The New Phasmophobia Update is TERRIFYING - LVL 1849 Gameplay,https://www.youtube.com/watch?v=YlfxYkohEmk,68K views,6 months ago
Can you Survive a REVENANT on the NEW PATCH? - LVL 1848 Phasmophobia,https://www.youtube.com/watch?v=sEC3aN6ARHA,85K views,6 months ago
How Smart are the new Ghosts Really? - New Phasmophobia Update,https://www.youtube.com/watch?v=GHhT-HrJSus,79K views,6 months ago
MASSIVE CHANGES to HIDING in Phasmophobia - NEW PATCH!,https://www.youtube.com/watch?v=aFlLueY_FuQ,97K views,6 months ago
The Ghosts can now HEAR YOU! - New Phasmophobia Update - Lvl 1833,https://www.youtube.com/watch?v=947GFeyVFIQ,57K views,6 months ago
Watching my VERY FIRST Phasmophobia video! LVL 7 vs LVL 1660,https://www.youtube.com/watch?v=OtSF3rK9JxM,91K views,6 months ago
NEW UPDATE: Improved Ghost AI in Phasmophobia - Level 1824,https://www.youtube.com/watch?v=xCBiVg0rY9g,65K views,6 months ago
All Maps in Phasmophobia - Solo Professional - Level 1600+,https://www.youtube.com/watch?v=ZaiVHOd_6ro,240K views,6 months ago
Your Daily Dose of Phasmophobia - Level 1649 Gameplay,https://www.youtube.com/watch?v=XgwqcQkr_K0,25K views,6 months ago
A Complete Guide on Ghost Behavior in Phasmophobia,https://www.youtube.com/watch?v=wmFMWC1CV60,53K views,6 months ago
This Ghost Hates Me - LVL 1596 Phasmophobia,https://www.youtube.com/watch?v=CcXulaoIiro,27K views,6 months ago
Kid vs Ghost - LVL 1594 Phasmophobia,https://www.youtube.com/watch?v=IgLPMuffogQ,24K views,6 months ago
Ghost Forgets I exist on Bleasdale - LVL 1555 Phasmophobia,https://www.youtube.com/watch?v=xYuSezGJLq4,25K views,6 months ago
The CRAZIEST Ghost in Phasmophobia - LVL 1551,https://www.youtube.com/watch?v=90KKmBfg7ls,42K views,6 months ago
Why Grafton Farmhouse is Underrated! - LVL 1531 Phasmophobia,https://www.youtube.com/watch?v=BCjann-wcKw,23K views,7 months ago
How to Counter the Strongest Ghost in Phasmophobia! - LVL 1519,https://www.youtube.com/watch?v=wYNrVuHr99E,45K views,7 months ago
Combining 9 Challenges in Phasmophobia! - LVL 1515,https://www.youtube.com/watch?v=N1gl2zGeKgM,25K views,7 months ago
How to get banned on Twitch - LVL 1508 Phasmophobia,https://www.youtube.com/watch?v=1KmO80Y77Bo,28K views,7 months ago
How to be a Hero in Phasmophobia - LVL 1506,https://www.youtube.com/watch?v=PN2SNiLWjWc,19K views,7 months ago
Phasmophobia LVL 1500 Special - Photo Randomizer on Asylum,https://www.youtube.com/watch?v=FP9EcBgeuxI,33K views,7 months ago
Looping Ghosts in Phasmophobia is Hilarious! - LVL 1491,https://www.youtube.com/watch?v=8mxZkn2s77A,20K views,7 months ago
4 professional idiots vs 1 stupid fast ghost - LVL 1489 Phasmophobia,https://www.youtube.com/watch?v=IOjbm5btcRU,63K views,7 months ago
Looping this Ghost goes very Wrong... - LVL 1487 Phasmophobia,https://www.youtube.com/watch?v=B0yaxy4r-FQ,30K views,7 months ago
The Bunny wants REVENGE - LVL 1453 Phasmophobia,https://www.youtube.com/watch?v=2bvjI9Z7IVs,32K views,7 months ago
INSTANT HEART ATTACK on Bleasdale - LVL 1451 Phasmophobia,https://www.youtube.com/watch?v=xCpplnsQfYU,43K views,7 months ago
Combining 8 different Challenges in Phasmophobia! - LVL 1447,https://www.youtube.com/watch?v=bGV8XlO3vg8,32K views,7 months ago
HOW DID I SURVIVE THIS? - LVL 1428 Phasmophobia,https://www.youtube.com/watch?v=-L1el40cPcQ,31K views,7 months ago
The Most Peaceful Run in Phasmophobia where Nothing goes Wrong - LVL 1414,https://www.youtube.com/watch?v=wOXNdSwdTbw,25K views,7 months ago
Completely Immersed in Phasmophobia - LVL 1414,https://www.youtube.com/watch?v=9-fYgtVxxFU,52K views,7 months ago
Extremely Close Calls in Phasmophobia - LVL 1404,https://www.youtube.com/watch?v=3tKo9qCwgfk,27K views,7 months ago
This Ghost would not let me Breathe! - LVL 1399 Phasmophobia,https://www.youtube.com/watch?v=G_64sTTE_NQ,46K views,7 months ago
These Giggles will drive YOU insane - LVL 1400 Phasmophobia,https://www.youtube.com/watch?v=PVYtoIAtaUU,64K views,7 months ago
This Ghost Would not let me ESCAPE - LVL 1381 Phasmophobia,https://www.youtube.com/watch?v=rnKM9ssvVps,46K views,7 months ago
This Ghost is Playing with Us! - LVL 1362 Phasmophobia,https://www.youtube.com/watch?v=O9GIEnqZzts,26K views,7 months ago
Ghost gets WAY too close! - LVL 1370 Phasmophobia,https://www.youtube.com/watch?v=xYnzO_9IuR0,30K views,7 months ago
WHY DOES EVERYONE KEEP DYING - LVL 1360 Phasmophobia,https://www.youtube.com/watch?v=NHzSl56UABE,38K views,7 months ago
The Most CURSED Phasmophobia Challenge - Level 1337 Special,https://www.youtube.com/watch?v=cn2zu226kPY,66K views,7 months ago
The Hardest Ghost Type in Phasmophobia! - lvl 1351,https://www.youtube.com/watch?v=y3Ik3bH8EGs,79K views,7 months ago
LVL 1313 Special: The Most INTENSE Phasmophobia Run,https://www.youtube.com/watch?v=GlsaPvdE1gs,52K views,7 months ago
This Ghost Made me SCREAM in Fear - LVL 1306 in Phasmophobia,https://www.youtube.com/watch?v=zr10mZKq8m4,49K views,7 months ago
Complete Photo Guide and Advanced Phasmophobia Mechanics!,https://www.youtube.com/watch?v=Ruzsm01eqpQ,31K views,7 months ago
Phasmophobia Level 1300 Special in the Asylum! - Photo Randomizer,https://www.youtube.com/watch?v=nGoDDYqukng,35K views,7 months ago
The Bunny In Phasmophobia is EVIL - LVL 1284,https://www.youtube.com/watch?v=ntUPYd9XOAI,68K views,7 months ago
Making Insane Money on the Asylum Map in Phasmophobia - LVL 1278,https://www.youtube.com/watch?v=wuZTvd8IY9A,35K views,7 months ago
The Most Terrifying Phasmophobia Run EVER - LVL 1282,https://www.youtube.com/watch?v=EBxLVW4n0qo,224K views,7 months ago
The Most Aggressive Grandma Ghost in Phasmophobia - LVL 1276,https://www.youtube.com/watch?v=T9379i0WOXw,38K views,7 months ago
Instant Hunt Almost Kills Me - LVL 1274 in Phasmophobia,https://www.youtube.com/watch?v=5jQUcf1cBQU,258K views,7 months ago
Insane Ghost Loves his Car - LVL 1272 in Phasmophobia,https://www.youtube.com/watch?v=iByxgRH-l7g,27K views,7 months ago
The Most INSANE Phasmophobia Run Ever - LVL 1281,https://www.youtube.com/watch?v=NtHTUZnjKQc,56K views,7 months ago
Making Friends in Phasmophobia Public Lobbies - LVL 1219,https://www.youtube.com/watch?v=6jOXJ9BV8oc,20K views,7 months ago
Phasmophobia Level 1234 Special in Prison - Photo Randomizer,https://www.youtube.com/watch?v=CX3YuJuK7n0,32K views,7 months ago
Devouring Hope made me too Fat - Dead by Daylight,https://www.youtube.com/watch?v=MLCgikpLNIw,4.7K views,7 months ago
Making Insane Money on Bleasdale! - LVL 1236 Phasmophobia,https://www.youtube.com/watch?v=iKka0ZYWp6c,36K views,7 months ago
No Hiding Challenge Goes Very Wrong - LVL 1218 Phasmophobia,https://www.youtube.com/watch?v=24iN032UHww,25K views,7 months ago
Playing as the KILLER - Dead by Daylight,https://www.youtube.com/watch?v=zkNdtDdJbic,6.5K views,7 months ago
Playing Phasmophobia All Alone - Lvl 1203 Professional Solo,https://www.youtube.com/watch?v=0LeWJjnaY3s,31K views,7 months ago
Phasmophobia Level 1200 Special: Photo Randomizer on Asylum!,https://www.youtube.com/watch?v=DXCJa_UNPJo,38K views,7 months ago
Everyone Dies on a Romantic Date in Phasmophobia - LVL 1189,https://www.youtube.com/watch?v=c4LHVL4FHmM,57K views,7 months ago
The Forbidden Room in Phasmophobia - LVL 1191 Professional,https://www.youtube.com/watch?v=4rHDihlUQzM,83K views,7 months ago
Playing Phasmophobia in the Dark is Terrifying - LVL 1187,https://www.youtube.com/watch?v=O7iOwYItw5w,35K views,7 months ago
Locked in Prison! - Phasmophobia LVL 1187 Professional Gameplay,https://www.youtube.com/watch?v=mkBsNmPvwHE,21K views,7 months ago
Finding the Ghost Using Only Cameras! - LVL 1185 Phasmophobia,https://www.youtube.com/watch?v=abYME-9M0_Q,29K views,7 months ago
Phasmophobia Level 1 to 1000 Best Moments Compilation!,https://www.youtube.com/watch?v=hJafrLfTL84,84K views,7 months ago
How to survive Phasmophobia! - Ghost Looping Guide,https://www.youtube.com/watch?v=HWsVDlZgOV0,18K views,7 months ago
Looping Ghosts is HARD (as a Crab) - LVL 1177 Phasmophobia,https://www.youtube.com/watch?v=vlSJFyt_C7s,28K views,7 months ago
The (almost) Perfect Phasmophobia Run - LVL 1175 Randomizer,https://www.youtube.com/watch?v=kJ3DcCgq0_g,33K views,7 months ago
The Most Confusing Phasmophobia Video Ever - LVL 1169,https://www.youtube.com/watch?v=-3amqlCJyHY,44K views,7 months ago
Nancy Learns to Surf - Dead by Daylight,https://www.youtube.com/watch?v=SmD5tkEYJUE,6.7K views,7 months ago
This Ghost Loves me to Death - LVL 1162 Phasmophobia,https://www.youtube.com/watch?v=rcExfwAG5uQ,36K views,7 months ago
Hunt Randomizer is Amazing! - LVL 1161 Phasmophobia,https://www.youtube.com/watch?v=PvY6-3LhGw0,92K views,7 months ago
The Fun (TM) Build - Dead by Daylight,https://www.youtube.com/watch?v=iaSKTTQpFc8,9.9K views,7 months ago
Maximum Brightness on Prison - LVL 1147 Phasmophobia,https://www.youtube.com/watch?v=6Q-MD2K-SPY,31K views,7 months ago
This Child Ghost is SATAN ITSELF - LVL 1143 Phasmophobia Photo Randomizer,https://www.youtube.com/watch?v=7XfAxXTzNWY,45K views,7 months ago
Almost Outplayed by Crawling Ghost - LVL 1144 Phasmophobia - No Evidence,https://www.youtube.com/watch?v=ZH883cZineU,45K views,7 months ago
1 Asylum Demon VS 4 Level 500+ Ghost hunters - LVL 1139 Phasmophobia,https://www.youtube.com/watch?v=4YXU2ABzDP4,38K views,7 months ago
Max ZOOM Challenge! - LVL 1134 Phasmophobia Gameplay,https://www.youtube.com/watch?v=R2wzdVBzRK4,31K views,7 months ago
We Drove this Ghost INSANE - LVL 1138 Phasmophobia,https://www.youtube.com/watch?v=pAuWrlI1M94,71K views,7 months ago
I LOVE Public Lobbies in Phasmophobia - LVL 1117,https://www.youtube.com/watch?v=-Rm0ba4hWqU,27K views,7 months ago
The Most Broken Run in Phasmophobia EVER - lvl 1115,https://www.youtube.com/watch?v=vWOO6pfgxUo,49K views,7 months ago
The Ultimate EMF 5 Tutorial - Phasmophobia Guide,https://www.youtube.com/watch?v=SeLgOwvJh2U,49K views,7 months ago
This Ghost Drove me INSANE - Phasmophobia LVL 1111 Special,https://www.youtube.com/watch?v=JwFV4HRgqEk,50K views,8 months ago
David in Prison - Phasmophobia LVL 1100 Special,https://www.youtube.com/watch?v=fcZPFUnBsvk,65K views,8 months ago
Trolling Random Lobbies in Prison - LVL 1102 Phasmophobia,https://www.youtube.com/watch?v=GU2iAJVEuSo,40K views,8 months ago
No Sprinting Challenge! - LVL 1038 Phasmophobia,https://www.youtube.com/watch?v=MbqZdA802AE,33K views,8 months ago
Banshees are EPIC - LVL 1040 Phasmophobia No Battery run,https://www.youtube.com/watch?v=dSpGjMNwZVI,50K views,8 months ago
"The Best names in Phasmophobia: ""Thomas Thomas"" - LVL 1089",https://www.youtube.com/watch?v=yWNYU2bVDLA,82K views,8 months ago
Phasmophobia: Getting Outplayed by Ghosts Part 2 - LVL 1027,https://www.youtube.com/watch?v=esFWIES7jtU,39K views,8 months ago
Phasmophobia: The Cutest Fingerprints in Prison - LVL 1054,https://www.youtube.com/watch?v=DKQDNGZ4A5s,72K views,8 months ago
Phasmophobia: Looping Ghosts with Friends - LVL 1047,https://www.youtube.com/watch?v=w7FKDwmQXes,36K views,8 months ago
Phasmophobia: Getting OUTPLAYED by a Smart Ghost - LVL 1023,https://www.youtube.com/watch?v=Lw04UaEhu6s,87K views,8 months ago
Phasmophobia: Prison Map Randomizer Challenge! - LVL 1085,https://www.youtube.com/watch?v=Q6-i4D6tVFs,34K views,8 months ago
Phasmophobia: No Communication = Best Communication - LVL 1036,https://www.youtube.com/watch?v=vdo87IGlci8,24K views,8 months ago
Phasmophobia LVL 1000 Special: Pure INSANITY on Bleasdale Farmhouse,https://www.youtube.com/watch?v=t1fNz6s8T3g,135K views,8 months ago
Phasmophobia: My Favorite Ghost Type - LVL 1048 No Evidence,https://www.youtube.com/watch?v=1D6q9CcbsUk,37K views,8 months ago
Dying in Phasmophobia is Hilarious - LVL 1068,https://www.youtube.com/watch?v=IPTWgtU3Wn0,28K views,8 months ago
LVL 1000 Special: The Most INSANE Challenge in Phasmophobia,https://www.youtube.com/watch?v=kIBo1W978c8,126K views,8 months ago
Phasmophobia: EVERY GHOST IS A MARE - LVL 981,https://www.youtube.com/watch?v=XDOgj55yD7g,42K views,8 months ago
Phasmophobia VR: New Prison Map in VR!! - LVL 1064,https://www.youtube.com/watch?v=oAlwqjpMJkQ,60K views,8 months ago
Phasmophobia: New Prison Map is TERRIFYING - LVL 1056,https://www.youtube.com/watch?v=DLdW_QK_-uQ,70K views,8 months ago
Phasmophobia: Hunted by DEMONS - LVL 975,https://www.youtube.com/watch?v=hnyapvEtgdc,77K views,8 months ago
Phasmophobia: The New Prison Showers are HAUNTED - LVL 1052,https://www.youtube.com/watch?v=1akZyyw738s,50K views,8 months ago
Phasmophobia: NEW PRISON MAP - LVL 1050,https://www.youtube.com/watch?v=jlN852CbZLA,323K views,8 months ago
Phasmophobia: NEW PATCH - PRISON MAP - Patch Notes 0.177,https://www.youtube.com/watch?v=0ujQQotKZFU,31K views,8 months ago
Phasmophobia: The Ultimate Experience Guide! - LVL 964,https://www.youtube.com/watch?v=F-QAmRoXN2Q,40K views,8 months ago
Phasmophobia: All Maps Solo Professional in 40 Minutes! - LVL 941,https://www.youtube.com/watch?v=1DERRSBI5Jo,152K views,8 months ago
Phasmophobia: Giggling Grandma is TERRIFYING - LVL 907,https://www.youtube.com/watch?v=uEBUVCPiAto,104K views,8 months ago
Phasmophobia: Level 900 Challenge! - Photo Randomizer,https://www.youtube.com/watch?v=k-3_igjnoNA,26K views,8 months ago
Phasmophobia: Finding the Secret Bone and Ouija board - LVL 902,https://www.youtube.com/watch?v=gC3Xy6c1Q0o,58K views,8 months ago
Phasmophobia: Ghost runs SO FAST on Asylum - LVL 888 Randomizer,https://www.youtube.com/watch?v=K6tuQJKggLQ,81K views,8 months ago
Phasmophobia: Tanglewood Memes - LVL 853,https://www.youtube.com/watch?v=4ejECHWN7J0,33K views,8 months ago
Phasmophobia: Attacked by NANCY on Asylum - LVL 888 Randomizer,https://www.youtube.com/watch?v=xKbXOegnq5w,41K views,8 months ago
Phasmophobia: All Maps in a Row | Solo Professional - LVL 841,https://www.youtube.com/watch?v=s1TdEkkVYQk,157K views,8 months ago
Phasmophobia: The Strongest Throw EVER - LVL 864,https://www.youtube.com/watch?v=W7OwucWuamg,64K views,8 months ago
Phasmophobia: Earning so Much Money on Bleasdale! - LVL 839,https://www.youtube.com/watch?v=Lz6A8a5FtEM,48K views,8 months ago
"Phasmophobia: Finding ""Michael Jackson"" in the Asylum - LVL 879",https://www.youtube.com/watch?v=GN7VXQqurKw,167K views,8 months ago
Phasmophobia: New Photo Glitch on Bleasdale! - LVL 857,https://www.youtube.com/watch?v=oXgzknVLeBo,39K views,8 months ago
Phasmophobia: Ghost Breaks my Heart on Asylum - LVL 836,https://www.youtube.com/watch?v=udaVkz4GTkU,35K views,8 months ago
Phasmophobia: No Evidence on High School - LVL 831 Behavior Challenge,https://www.youtube.com/watch?v=g-iGlHE4MLA,49K views,8 months ago
Phasmophobia: The most UNBELIEVABLE Revenant - LVL 834,https://www.youtube.com/watch?v=72QEFvyY6Ns,163K views,8 months ago
Phasmophobia: PRAISE THE TEDDYBEAR - LVL 813,https://www.youtube.com/watch?v=j-Rz8phT3J4,23K views,8 months ago
Getting a Heart Attack in Phasmophobia - LVL 831 No Evidence,https://www.youtube.com/watch?v=WAsU7Yf856M,84K views,8 months ago
Bleasdale with Venttex - LVL 808 Phasmophobia Randomizer,https://www.youtube.com/watch?v=TQEvuQXCs_A,39K views,8 months ago
Phasmophobia Adventures with Venttex - LVL 806,https://www.youtube.com/watch?v=hHSTeGM5unA,45K views,8 months ago
Asylum Randomizer with Venttex - LVL 803 Phasmophobia,https://www.youtube.com/watch?v=gGlKklLfAuU,77K views,8 months ago
Taking a LEGEND to Professional Asylum - LVL 800 Phasmophobia,https://www.youtube.com/watch?v=leHYPrkPits,49K views,8 months ago
Instant Karma for Teabagging Friends - LVL 771 Phasmophobia,https://www.youtube.com/watch?v=OhAuzSMh77E,31K views,8 months ago
The Smartest Ghost EVER on Bleasdale - LVL 784 Phasmophobia,https://www.youtube.com/watch?v=Ac9RH6viDsg,246K views,8 months ago
Beating Randomizer HELL - LVL 777 Phasmophobia,https://www.youtube.com/watch?v=Ry9_m1UNo98,35K views,8 months ago
TERRIFYING Solo Asylum - LVL 777 Phasmophobia Randomizer,https://www.youtube.com/watch?v=5bhKSGt_ODE,55K views,8 months ago
HELPING the Ghost Scare People - LVL 745 Phasmophobia,https://www.youtube.com/watch?v=PprGxhIWz2g,50K views,8 months ago
Autotune Man DESTROYS Ghost - LVL 745 Phasmophobia,https://www.youtube.com/watch?v=GW3Rw2mq3Yg,34K views,8 months ago
Bleasdale Attic Ghost gets DESTROYED - LVL 742 Phasmophobia,https://www.youtube.com/watch?v=__OPPJwQyBU,46K views,8 months ago
NEW PATCH: SCARING People in VR - LVL 745 Phasmophobia,https://www.youtube.com/watch?v=iwqVyW1ZPl8,36K views,8 months ago
EPIC Camera Mechanics Save the Day - LVL 740 Phasmophobia,https://www.youtube.com/watch?v=U79H2LaNI9g,64K views,8 months ago
INSANE No Sanity Challenge on ASYLUM - LVL 729 Phasmophobia,https://www.youtube.com/watch?v=YRPAgAVfNWQ,67K views,8 months ago
Speedrunning with Viewers - LVL 718 Phasmophobia,https://www.youtube.com/watch?v=c_iDRurAa2c,52K views,8 months ago
Protecting New Players on ASYLUM - LVL 700 Phasmophobia,https://www.youtube.com/watch?v=8KVA0i2YZQA,167K views,8 months ago
Speedrunning in Random Lobbies - LVL 708 Phasmophobia,https://www.youtube.com/watch?v=QgMuOScVDIA,179K views,8 months ago
Making People Leave in FEAR - LVL 689 Phasmophobia NEW PATCH,https://www.youtube.com/watch?v=RzRRuq4wYu4,116K views,8 months ago
Amazing Door Glitches and More - LVL 683 Phasmophobia,https://www.youtube.com/watch?v=J8aPqCV0V0g,56K views,8 months ago
The New Haunting Patch is INSANE - LVL 685 Phasmophobia,https://www.youtube.com/watch?v=KFnYtMqHugY,226K views,8 months ago
So Many Photos on BLEASDALE - LVL 643 Phasmophobia Randomizer,https://www.youtube.com/watch?v=oAIA3ndkUjw,21K views,8 months ago
Educational Games with Randoms - LVL 669 Phasmophobia,https://www.youtube.com/watch?v=kxw0vvNRaXM,37K views,8 months ago
LVL 666 AMAZING No Evidence on ASYLUM - Phasmophobia,https://www.youtube.com/watch?v=p5vbNqd_Bec,105K views,8 months ago
New Randomizer on High School - Lvl 641 Phasmophobia Gameplay,https://www.youtube.com/watch?v=tCmCiHwnm9c,17K views,8 months ago
Random Lobbies are Pure GOLD - LVL 653 Phasmophobia,https://www.youtube.com/watch?v=VJKzbhOrZ4E,164K views,8 months ago
Revenants are INSANE - LVL 645 Phasmophobia Gameplay,https://www.youtube.com/watch?v=qW1zSKFt6VM,89K views,8 months ago
Killing my Friends on BLEASDALE - LVL 645 Phasmophobia Gameplay,https://www.youtube.com/watch?v=02uh_gS5gh4,34K views,9 months ago
NEW Phasmophobia Randomizer - LVL 640,https://www.youtube.com/watch?v=aQq79JbjXCg,29K views,9 months ago
Use your Sanity Wisely - LVL 638 Phasmophobia Randomizer,https://www.youtube.com/watch?v=uCGD4MFp3l8,38K views,9 months ago
This New Ghost is TERRIFYING in VR - LVL 619 Phasmophobia Gameplay,https://www.youtube.com/watch?v=CfKawjR81ik,47K views,9 months ago
VR in Phasmophobia is CURSED - LVL 614 Phasmophobia Gameplay,https://www.youtube.com/watch?v=ouz8DbFVqcY,26K views,9 months ago
Bleasdale is WAY Scarier than ASYLUM - LVL 612 Phasmophobia Gameplay,https://www.youtube.com/watch?v=7r8Kj4n6O8s,82K views,9 months ago
Finding more LOVE in Phasmophobia - LVL 606 Phasmophobia Gameplay,https://www.youtube.com/watch?v=2lBot5nRA84,26K views,9 months ago
Dying in VR is TERRIFYING - LVL 602 Phasmophobia Gameplay,https://www.youtube.com/watch?v=5hgOKgg3Nkk,69K views,9 months ago
Full VR Squad on ASYLUM - LVL 600 Phasmophobia Gameplay,https://www.youtube.com/watch?v=zidlhdJkUHM,62K views,9 months ago
NEW Crawling Ghost is TERRIFYING - LVL 589 Phasmophobia VR,https://www.youtube.com/watch?v=LJCWg5N8pCE,88K views,9 months ago
First Time BLEASDALE in VR - LVL 577 Phasmophobia Gameplay,https://www.youtube.com/watch?v=UNOSHt9VtdY,40K views,9 months ago
I Have Become VR-Man - LVL 575 Phasmophobia Gameplay,https://www.youtube.com/watch?v=fp7hcqoubLo,33K views,9 months ago
Finding LOVE in Phasmophobia - LVL 565 Gameplay,https://www.youtube.com/watch?v=sVzqKqn8s24,76K views,9 months ago
Summoning Ghosts with PRAYERS - LVL 545 Phasmophobia Gameplay,https://www.youtube.com/watch?v=wiQ18Vmw1qA,64K views,9 months ago
"""David"" Ghosts are INSANE - LVL 535 Phasmophobia Gameplay",https://www.youtube.com/watch?v=T3WhGJKPdU0,113K views,9 months ago
No Holdable Lights Challenge - LVL 520 Phasmophobia Gameplay,https://www.youtube.com/watch?v=0_FTfXeTj90,52K views,9 months ago
No Evidence is EASY Now! - LVL 522 Phasmophobia Gameplay,https://www.youtube.com/watch?v=HIHgDWH7zUU,41K views,9 months ago
First VR Game Ever on ASYLUM - LVL 572 Phasmophobia VR,https://www.youtube.com/watch?v=eEEw5JiIbrc,72K views,9 months ago
Solo ASYLUM No Truck Challenge - LVL 523 Phasmophobia Gameplay,https://www.youtube.com/watch?v=J5ZTJCoE0-4,38K views,9 months ago
Phasmophobia Randomizer is AWESOME - LVL 510,https://www.youtube.com/watch?v=UO6-RihuXV4,45K views,9 months ago
Bleasdale Starter Items Only - LVL 517 Phasmophobia Gameplay,https://www.youtube.com/watch?v=x_xjO5Wxq_U,43K views,9 months ago
INSANE SOLO ASYLUM - LVL 513 Phasmophobia Randomizer,https://www.youtube.com/watch?v=EZ4c3NRt9o8,97K views,9 months ago
Holy Man Visits Haunted House - Phasmophobia Viewer Games,https://www.youtube.com/watch?v=eDT6Owladgs,46K views,9 months ago
TERRIFYING BLEASDALE GHOST - LVL 508 Phasmophobia Randomizer,https://www.youtube.com/watch?v=OMwWh9Obbck,82K views,9 months ago
More Amazing TRIPOD Strats - Phasmophobia Viewer Games,https://www.youtube.com/watch?v=TQ-ipF5nUek,46K views,9 months ago
Carrying on ASYLUM - LVL 500 Phasmophobia Gameplay,https://www.youtube.com/watch?v=qF3z31PfpqM,74K views,9 months ago
INFINITE FEET Glitch - Phasmophobia Viewer Games,https://www.youtube.com/watch?v=lGR5XEyS6ak,39K views,9 months ago
Killing my Friends in the ASYLUM - LVL 486 Phasmophobia Gameplay,https://www.youtube.com/watch?v=l1iZ3waHRbc,87K views,9 months ago
VR-Man is HILARIOUS - Phasmophobia Viewer Games,https://www.youtube.com/watch?v=13VnrZm-_g0,37K views,9 months ago
INSYM vs PHASMOPHOBIA - BEST MOMENTS #3,https://www.youtube.com/watch?v=DC1R-fj0o4E,42K views,9 months ago
No Lights Professional Bleasdale - LVL 451 Phasmophobia Gameplay,https://www.youtube.com/watch?v=pA3njwVaxHo,24K views,9 months ago
Max Brightness Prof Solo ASYLUM - LVL 452 Phasmophobia Gameplay,https://www.youtube.com/watch?v=ahGX_ASCH2Q,83K views,9 months ago
You Cannot Hide Mr Ghost - Phasmophobia Randomizer - LVL 447,https://www.youtube.com/watch?v=fRsF7X_fQDQ,44K views,9 months ago
INSANE TRIPOD STRATS - Phasmophobia Randomizer - LVL 445,https://www.youtube.com/watch?v=OlCy7Kob-pw,58K views,9 months ago
Curse of Bleasdale Randomizer - LVL 439 Phasmophobia Gameplay,https://www.youtube.com/watch?v=Jr6odF7TIOM,53K views,9 months ago
Ghosthunt Instincts on Point - Phasmophobia Randomizer - LVL 439,https://www.youtube.com/watch?v=-OIdfyHkM58,80K views,9 months ago
PERFECT Solo Asylum - Phasmophobia Randomizer - LVL 437,https://www.youtube.com/watch?v=Lkno4gIcVDI,137K views,9 months ago
No Battery Challenge - LVL 436 Phasmophobia Gameplay,https://www.youtube.com/watch?v=wtJMBMVQQhY,46K views,9 months ago
Teaching New Players - LVL 422 Phasmophobia Gameplay,https://www.youtube.com/watch?v=lQeQEHEP88c,47K views,9 months ago
Reaching LVL 400 on ASYLUM - Phasmophobia Gameplay,https://www.youtube.com/watch?v=q_nBEzXXYiI,47K views,9 months ago
THIS GHOST DROVE ME INSANE - LVL 388 Phasmophobia Gameplay,https://www.youtube.com/watch?v=zOItpW3t8Os,163K views,9 months ago
No Evidence Challenge is Super Hard - LVL 386 Phasmophobia Gameplay,https://www.youtube.com/watch?v=915us_83vxY,112K views,9 months ago
I HATE JINNS -.- | LVL 288 Phasmophobia Gameplay,https://www.youtube.com/watch?v=bKhallP1m8I,95K views,9 months ago
1 Hour of 2000+ LVL Optimal Ghosthunters - Phasmophobia Gameplay,https://www.youtube.com/watch?v=kH5hLAxaAIY,151K views,9 months ago
No Evidence Challenge - LVL 313 Phasmophobia Gameplay,https://www.youtube.com/watch?v=Q3w5hxKh0bQ,270K views,9 months ago
Solo Professional HIGH SCHOOL - LVL 311 Phasmophobia Gameplay,https://www.youtube.com/watch?v=tRxvBJU6LFE,42K views,9 months ago
Getting DESTROYED by Insane Ghosts at LVL 300 - Phasmophobia,https://www.youtube.com/watch?v=-oU69g4cIak,101K views,9 months ago
Solo Professional Asylum is TERRIFYING - LVL 279 Phasmophobia Gameplay,https://www.youtube.com/watch?v=K37ZgVxJMvE,317K views,9 months ago
Candle only Versus EPIC Ghost - LVL 270+ Phasmophobia gameplay,https://www.youtube.com/watch?v=ZlusE5QLl3Y,111K views,9 months ago
Game Launched by itself... - Phasmophobia LVL 200+ Gameplay,https://www.youtube.com/watch?v=V8MCjL_bR38,32K views,9 months ago
LVL 1750+ Ghosthunters versus INSANE GHOST - Phasmophobia,https://www.youtube.com/watch?v=1YO1ZOSF3PE,980K views,9 months ago
Asylum Professional Speedrun in 4:28 [Former World Record],https://www.youtube.com/watch?v=4_Jtd3ryQEw,25K views,9 months ago
MOST AGGRESSIVE GHOST EVER - Lvl 200+ Phasmophobia,https://www.youtube.com/watch?v=aULfeCIAnrc,851K views,9 months ago
LVL 200 Ghosthunter - Phasmophobia,https://www.youtube.com/watch?v=w8-xIS8Ylf4,17K views,9 months ago
No Communications Challenge - Phasmophobia,https://www.youtube.com/watch?v=YXMjHz6FMms,22K views,9 months ago
INSANE High School Professional Speedrun in 3:50 - Phasmophobia,https://www.youtube.com/watch?v=UbIgjFfUSPQ,36K views,9 months ago
Phasmophobia Speedrun - 5 quests completed in 30 minutes,https://www.youtube.com/watch?v=I3f_9iNpNWo,38K views,10 months ago
INSANE Asylum Professional Speedrun in 6:14 - Phasmophobia,https://www.youtube.com/watch?v=M8VwQsSVDYU,72K views,10 months ago
Phasmophobia is AMAZING,https://www.youtube.com/watch?v=8GsESpWO6XI,48K views,10 months ago
Phasmophobia with Randoms is Hilarious,https://www.youtube.com/watch?v=kNsl9ORzimg,51K views,10 months ago
Smelling the imposters - crewmate MVP,https://www.youtube.com/watch?v=Yr3vXH7LEPQ,1K views,10 months ago
I am THE IMPOSTER :),https://www.youtube.com/watch?v=KTTEOQzLTZo,2.3K views,10 months ago
First ever Among Us game goes better than expected...,https://www.youtube.com/watch?v=YjQJdbG96Uo,1.6K views,10 months ago
The Waiting Room speedrun in 3:59 [WR],https://www.youtube.com/watch?v=ZEOCPVhBOuA,6.4K views,10 months ago
Best of Insym - Stream Highlights #2,https://www.youtube.com/watch?v=fCFbCjn4vaE,10K views,10 months ago
The Cat Mod - The Waiting Room,https://www.youtube.com/watch?v=NgQQnn-7jIE,3.7K views,10 months ago
"Insym reacts to ""Quin69 reacts to Insym""",https://www.youtube.com/watch?v=_9O6UBvZ8ug,5.1K views,10 months ago
Welcome to the Game Speedrun in 6:14 [Former WR],https://www.youtube.com/watch?v=gDjwhXGseGU,17K views,10 months ago
The Waiting Room speedrun in 4:45 [Former WR],https://www.youtube.com/watch?v=Cu0hrUA0pIs,11K views,10 months ago
Welcome to the Game Speedrun in 6:48 [Former WR],https://www.youtube.com/watch?v=koN6HtfWhzs,10K views,11 months ago
Scrutinized Nightmare Speedrun in 2:33:54 [WR],https://www.youtube.com/watch?v=ujdBS4_MhHc,59K views,11 months ago
Scrutinized Nightmare mode rule #1: Respect the Kidnapper,https://www.youtube.com/watch?v=uisTzp-wd5o,7.7K views,11 months ago
Speedrunning Scrutinized is a Nightmare...,https://www.youtube.com/watch?v=QFyRxOv35a0,14K views,11 months ago
Scrutinized Nightmare mode is impossible...,https://www.youtube.com/watch?v=URc_FA4gkTI,10K views,11 months ago
Scrutinized Speedrun in 26:55 [World Record] - Normal any%,https://www.youtube.com/watch?v=XZYiW_zGgfM,46K views,11 months ago
When your Speedrun is too Slow... - Scrutinized Nightmare Mode,https://www.youtube.com/watch?v=CBWqRTLQnj4,9.2K views,11 months ago
Scrutinized Nightmare mode is NUTS,https://www.youtube.com/watch?v=YjSWse-lpCo,26K views,11 months ago
Scrutinized Detective Speedrun in 24:19 [WR],https://www.youtube.com/watch?v=k5p0swSUpdM,4.2K views,11 months ago
Rides with Strangers Speedrun in 7:23 [WR],https://www.youtube.com/watch?v=9IkCTmul04Q,27K views,11 months ago
Scrutinized Speedrun in 6:21 [WR] - Casual any%,https://www.youtube.com/watch?v=KyLCrReuyn8,9.4K views,11 months ago
Scrutinized Detective Speedrun in 28:37 [Former WR],https://www.youtube.com/watch?v=vmuwPWbFexI,5.5K views,11 months ago
Scrutinized Speedrun in 7:11 [Former WR] - Casual any%,https://www.youtube.com/watch?v=cOpFfuPKBfs,7.6K views,11 months ago
Scrutinized Normal Speedrun in 36:14 [Former WR],https://www.youtube.com/watch?v=D0wNpPhH008,9.3K views,11 months ago
Scrutinized Speedrun in 8:20 [Former WR] - Casual any%,https://www.youtube.com/watch?v=Oy5rCd6U0lo,1.8K views,11 months ago
Insym Scrutinized Stream HIGHLIGHTS,https://www.youtube.com/watch?v=UqGS4O6uq_k,11K views,11 months ago
Scrutinized speedrun in 10:10 [Former WR] - Casual any%,https://www.youtube.com/watch?v=aMr5mKlyqaQ,11K views,11 months ago
Scrutinized Speedrun in 11:42 [Former WR] - Casual any%,https://www.youtube.com/watch?v=0jlQTNybT6E,3.3K views,11 months ago
Scrutinized NIGHTMARE MODE COMPLETED,https://www.youtube.com/watch?v=6FzuMAGHYpw,189K views,11 months ago
Scrutinized Speedrun in 14:37 [Former WR] - Casual mode,https://www.youtube.com/watch?v=PMURXMdaRLQ,3.2K views,11 months ago
Rides with Strangers Demo - Full Playthrough,https://www.youtube.com/watch?v=2HWKquBhKP4,30K views,11 months ago
Scrutinized NIGHTMARE mode NIGHT 13 run,https://www.youtube.com/watch?v=1Uq5055lYv4,145K views,11 months ago
Scrutinized ALL 10 NIGHTS FINISHED Normal Mode,https://www.youtube.com/watch?v=H3LgjaXX5kA,49K views,11 months ago
Scrutinized ENDING Normal Mode,https://www.youtube.com/watch?v=EXfwpQhurWo,142K views,11 months ago
Scrutinized NIGHT 9 run - Normal difficulty,https://www.youtube.com/watch?v=BuXKnCnRLCE,20K views,11 months ago
Insym Reacts to Scrutinized Countdown Timer,https://www.youtube.com/watch?v=srmYhuVTquQ,3.3K views,1 year ago
The Ultimate 1337 Mode Guide,https://www.youtube.com/watch?v=RCVpiwVXUBE,24K views,1 year ago
The Ultimate WTTG2 Guide,https://www.youtube.com/watch?v=ZYlTGlR5G8o,24K views,1 year ago
Ori and the Will of the Wisps - Finale,https://www.youtube.com/watch?v=5Jy8RI1gWE8,249 views,1 year ago
Ori and the Will of the Wisps - Part 2,https://www.youtube.com/watch?v=ZVQ_PEs9M7M,155 views,1 year ago
Ori and the Will of the Wisps - Part 1,https://www.youtube.com/watch?v=Zhu3Ut3sHzI,355 views,1 year ago
Ori and the Blind Forest - Finale,https://www.youtube.com/watch?v=N4kz64AmM8Q,97 views,1 year ago
Ori and the Blind Forest - Part 2,https://www.youtube.com/watch?v=eZhPdWbTv3s,84 views,1 year ago
Ori and the Blind Forest - Part 1,https://www.youtube.com/watch?v=n63C1NwD9gM,407 views,1 year ago
Getting All Achievements in 3 hours - Welcome to the game 2 [World Record],https://www.youtube.com/watch?v=BjZSKzEA2j0,185K views,1 year ago
Welcome to the Game 2 - 1337 Mode Speedrun in 21:01 [World Record],https://www.youtube.com/watch?v=P_jRSG9VWHo,71K views,1 year ago
Welcome to the Game 2 - Speedrun in 14:08 [World record],https://www.youtube.com/watch?v=MK85GSLUqtQ,145K views,1 year ago
Welcome to the Game 2 - Speedrun in 15:38 [Former World record],https://www.youtube.com/watch?v=DmJ-c8PhcBc,850 views,1 year ago
Welcome to the Game 2 - Speedrun in 17:07 [Former World record],https://www.youtube.com/watch?v=wtyKqSzyC3g,691 views,1 year ago
Deltarune part 2 (end) - Blind Playthrough,https://www.youtube.com/watch?v=GRw6YP-cHrk,78 views,1 year ago
Deltarune Part 1 - Blind Playthrough,https://www.youtube.com/watch?v=0-GnSkLC--4,269 views,1 year ago
Outlast part 3 (end) - Blind Playthrough,https://www.youtube.com/watch?v=IIxBzf1rLGg,373 views,1 year ago
Outlast part 2 - Blind Playthrough,https://www.youtube.com/watch?v=Hll8D8_LjKA,538 views,1 year ago
Outlast part 1 - Blind Playthrough,https://www.youtube.com/watch?v=ryAmbLQdt7Y,2.3K views,1 year ago
Little Nightmares part 2 (end) - Blind Playthrough,https://www.youtube.com/watch?v=lNIHv3eMwek,649 views,1 year ago
Little Nightmares part 1 - Blind Playthrough,https://www.youtube.com/watch?v=CH7JILaCEHI,1.9K views,1 year ago
Observer part 2 (end) - Blind Playthrough,https://www.youtube.com/watch?v=Ba6eXHT02VY,148 views,1 year ago
Observer part 1 - Blind Playthrough,https://www.youtube.com/watch?v=r2dtdRb2_u8,603 views,1 year ago
The Walking Dead - Final Season - Final Episode - Blind playthrough,https://www.youtube.com/watch?v=I0ufziavaks,235 views,1 year ago
The Walking Dead - Final Season - Episode 3 - Blind playthrough,https://www.youtube.com/watch?v=svnhSpGgbPI,132 views,1 year ago
The Walking Dead - Final Season - Episode 2 - Blind playthrough,https://www.youtube.com/watch?v=I6RYlvymuko,165 views,1 year ago
The Walking Dead - Final Season - Episode 1 - Blind playthrough,https://www.youtube.com/watch?v=fGJLFDfrL6Y,255 views,1 year ago
The Walking Dead - Season 3 - Episode 5 - Blind playthrough,https://www.youtube.com/watch?v=6Hz_QXlMWDk,118 views,1 year ago
The Walking Dead - Season 3 - Episode 4 - Blind playthrough,https://www.youtube.com/watch?v=Xy1nOdL14Ew,116 views,1 year ago
Welcome to the Game 1 WHO AM I ending Speedrun in 9:26 [World Record],https://www.youtube.com/watch?v=kKcsAI3QiMI,6.1K views,1 year ago
The Walking Dead - Season 3 - Episode 3 - Blind playthrough,https://www.youtube.com/watch?v=vtoXD2Vy_Zc,107 views,1 year ago
Welcome to the Game 1 WHO AM I ending Speedrun in 15:24 with Twitch integration [World Record],https://www.youtube.com/watch?v=BT5FKr6ERiA,513 views,1 year ago
Welcome to the Game 1 Speedrun in 12:04 with Twitch integration [World Record],https://www.youtube.com/watch?v=Kkz20MN5chY,826 views,1 year ago
The Walking Dead - Season 3 - Episode 2 - Blind playthrough,https://www.youtube.com/watch?v=oyofE504EAw,122 views,1 year ago
Welcome to the Game 1 Speedrun in 37 Seconds [World Record],https://www.youtube.com/watch?v=ArO66h9Gvy0,15K views,1 year ago
The Walking Dead - Season 3 - Episode 1 - Blind playthrough,https://www.youtube.com/watch?v=oCmjPkzn9G4,128 views,1 year ago
The Walking Dead - Season 2 - Episode 5 - Blind playthrough,https://www.youtube.com/watch?v=X_1MN4adT7c,171 views,1 year ago
The Walking Dead - Season 2 - Episode 4 - Blind playthrough,https://www.youtube.com/watch?v=Odms9oNvuuI,138 views,1 year ago
The Walking Dead - Season 2 - Episode 3 - Blind playthrough,https://www.youtube.com/watch?v=JdtqlD7tjHk,138 views,1 year ago
Welcome to the Game 2 - Professional Speedrun in 43:36 [World Record],https://www.youtube.com/watch?v=a-_Jxz-sOO4,1.2K views,1 year ago
The Walking Dead - Season 2 - Episode 2 - Blind playthrough,https://www.youtube.com/watch?v=QqjJMIcgX6U,144 views,1 year ago
Welcome to the Game 2 - 1337 Mode Speedrun in 25:45 [Former World Record],https://www.youtube.com/watch?v=wOwYoy5JN5E,800 views,1 year ago
The Walking Dead - Season 2 - Episode 1 - Blind playthrough,https://www.youtube.com/watch?v=eH0VtGum6K4,196 views,1 year ago
The Walking Dead - Season 1 - DLC - Blind playthrough,https://www.youtube.com/watch?v=FT_lydOL9ZA,127 views,1 year ago
The Walking Dead - Season 1 - Episode 5 - Blind playthrough,https://www.youtube.com/watch?v=8lq8TQ1_yvo,239 views,1 year ago
The Walking Dead - Season 1 - Episode 4 - Blind playthrough,https://www.youtube.com/watch?v=2kafQ-l2Wlc,213 views,1 year ago
Welcome to the Game 2 - 1337 Mode Speedrun in 27:28,https://www.youtube.com/watch?v=0d_CzDJre_s,326 views,1 year ago
The Walking Dead - Season 1 - Episode 3 - Blind playthrough,https://www.youtube.com/watch?v=qiq4xLVy1O8,260 views,1 year ago
The Walking Dead - Season 1 - Episode 2 - Blind playthrough,https://www.youtube.com/watch?v=oLCvs1mQMPg,372 views,1 year ago
Welcome to the Game 2 - 1337 Mode Speedrun (almost) WR,https://www.youtube.com/watch?v=xzpBAAD4Uqc,385 views,1 year ago
Welcome to the Game 2 - 1337 Mode Speedrun in 31:09 [Former World Record],https://www.youtube.com/watch?v=UGKGtYwij0Q,1.5K views,1 year ago
Welcome to the Game 2 - 1337 Mode Speedrun in 38:15 [Former World Record],https://www.youtube.com/watch?v=LexiJCTsxSk,461 views,1 year ago
Welcome to the Game 2 - 1337 Mode Speedrun in 42:25 [Former World Record],https://www.youtube.com/watch?v=CYin0NGIGkY,564 views,1 year ago
Welcome to the Game 2 - 1337 Mode Speedrun 48:46 [Former World Record],https://www.youtube.com/watch?v=D3BUuQAgHNk,21K views,1 year ago
Kamikaze Creepers and Epic Loot - RLCraft Highlights Part 5,https://www.youtube.com/watch?v=Mpsp3edDemg,160 views,1 year ago
How to install RLCraft for Minecraft with Technic and Twitch app,https://www.youtube.com/watch?v=tUS4MQk7gcY,573 views,1 year ago
Losing EVERYTHING - RLCraft Highlights Part 4,https://www.youtube.com/watch?v=WtSSc5a5Ew0,242 views,1 year ago
So Many Deaths... RLCraft Highlights Part 3,https://www.youtube.com/watch?v=UakBvYCCS5c,87 views,1 year ago
Sniper Skeletons - RLcraft Highlights Part 2,https://www.youtube.com/watch?v=QToPMwTFUFM,187 views,1 year ago
The RLcraft Experience - Stream Highlights Part 1,https://www.youtube.com/watch?v=1HSNuV9bIcY,681 views,1 year ago
Firewatch First Playthrough - Part 2,https://www.youtube.com/watch?v=8D6dhp6qC-k,196 views,1 year ago
Firewatch First Playthrough - Part 1,https://www.youtube.com/watch?v=vbAwZEry0CU,959 views,1 year ago
The Walking Dead - Season 1 - Episode 1 - Blind Playthrough,https://www.youtube.com/watch?v=AWijRtaFTlE,1K views,1 year ago
Man of Medan Blind Playthrough - Part 2,https://www.youtube.com/watch?v=-Ku_hgwQ-Bs,183 views,1 year ago
Man of Medan Blind Playthrough - Part 1,https://www.youtube.com/watch?v=p3JdCfNjglc,520 views,1 year ago
Welcome to the Game 2 Speedrun in 21:45 [Former World Record],https://www.youtube.com/watch?v=a7ryYZ4-QwM,398 views,2 years ago
Welcome to the Game 2 Speedrun in 18:24 [World Record],https://www.youtube.com/watch?v=MFkS6pL6rmU,1K views,2 years ago
WTTG2 Professional Achievement Speedrun 1:13:45 [World Record],https://www.youtube.com/watch?v=278qVDudN-Q,538 views,2 years ago
Welcome to the Game 2 - 1337 Mode Speedrun 1:23:41 [Former World Record],https://www.youtube.com/watch?v=goyyzTTjM5I,6.2K views,2 years ago
Welcome to the game 2 Current Patch Speedrun in 28:52 [Former World Record],https://www.youtube.com/watch?v=OFpvPD0zJfk,1.3K views,2 years ago
The Waiting Room - 6:22 [Former World Record],https://www.youtube.com/watch?v=tnluq1uPowE,1.4K views,2 years ago
Dark Souls III - Soul Level One Run - Pt 3,https://www.youtube.com/watch?v=fA2cU-bXHI4,145 views,2 years ago
Dark Souls III - Soul Level One Run - Pt 2,https://www.youtube.com/watch?v=BW3aACD-py8,132 views,2 years ago
Dark Souls III - Soul Level One Run - Pt 1,https://www.youtube.com/watch?v=5GVMwUNlSSg,365 views,2 years ago
Dark Souls III - Miracle Only Run - Pt 2,https://www.youtube.com/watch?v=pndaTFILEOU,251 views,3 years ago
Dark Souls III - Miracle Only Run - Pt 1,https://www.youtube.com/watch?v=enN2kC9p7sU,3.2K views,3 years ago
